{"version":1,"hash":{"type":"Buffer","data":"pMiEObX2dh0wanS7MKmFTM54kCm2Z40e7A1KRDW1P06YvoAlq5Gj0wag44lzw1bIkHEjzq0pLzZillRnBUwNqVbgNW2EwPH7T7zGh6SOe7PkIolKz5f8PQtaSs4oyzZTtu8LU4BVL57CbjODgEZbXmlz+ITJuimj53igzck1iso="},"indexValueMap":{"RQQkN48DS4eES6Kw/qHTZiYNVeC67yWRi+8/brhbTFI=":{"valueMac":{"type":"Buffer","data":"MoyB4SqyLEZszssxar77eXPUGhNPgeZGP5dwrX1j1BE="}},"sQO6ObDwmRLA8eGZHgkN0CBo/TFcQr8vAX15ml7QeIU=":{"valueMac":{"type":"Buffer","data":"FaNhdMg6l9yxIaBN4q1OvajPLS8J4bCzqmcr8VrgoXQ="}},"+LgEh58NkGH/J3oN75ZPnicBCDLrFqfKXJaYbtDJoRs=":{"valueMac":{"type":"Buffer","data":"sByv8UZ360sxwpc+PTB5+LjOKsxuAeGVuF9zqesxB2I="}},"D4FjhMFOlV65bCucfg8kmsG2vub1qWVWnxyd/CNobwE=":{"valueMac":{"type":"Buffer","data":"Qdhn1XqY62OobEuB3TjCl8kW5G5jUFLOxCCPobmsb54="}},"0c25sA3xTulgXnk/0We8pZDDgqf0dooWgjHhR2KdPMs=":{"valueMac":{"type":"Buffer","data":"HMcv+sWHpAqlMpq9BqiEbV2eHttGrLmcDaU7/crteBs="}},"3+OpzHw40xKe35KmMMjgJfj60rZZc8T1Qjckir0jBfE=":{"valueMac":{"type":"Buffer","data":"3ZpguAIXTF8W3r2AP0J4JXFGKapkdeGgMJ5QVfAKVHw="}},"rdQncv/Oyo1Dv8RN61BrMuJFSlD4RFJBV5oQ9kmbk9w=":{"valueMac":{"type":"Buffer","data":"ijI8xkmksOI/lKL2Nsi8oykL5Jhx2D3B7tF9KlGvTOs="}},"NTuvgcI9jmT8D1RIVau74j4jD6AnLHF2nIGfkaN4C78=":{"valueMac":{"type":"Buffer","data":"ZAVarVdYaKFovFI66CbXWPmB6hf10sWhNmCPNDwe6s8="}},"1RwO1jbhSTbLCumsOzTNM+GBf/QFHcdbk8TJBDJWwZg=":{"valueMac":{"type":"Buffer","data":"tz2OEjbcHH3xcfnjn5tLA+bfhHW3Gbna4mj5lQ9lUtQ="}},"hFqd0Xk79SaN0v8LOfoZqNQyGIB+UPUH9Zf13FLwRAo=":{"valueMac":{"type":"Buffer","data":"yiyCwII/TfVWWLEJWjyWiZRcCB3cfZitxDsyj8zY0zA="}},"32Kdsew/XvKAbQRwIGdfIQLwCBH4GkYLqB51n1PfvqQ=":{"valueMac":{"type":"Buffer","data":"99Yv0edxocMG196kAslMeKMtu793bPBmKbJ8d2BOgkA="}},"K3aCaKZlk92y22hxQj5careaHh6vgA+ccBFmXsym/r0=":{"valueMac":{"type":"Buffer","data":"Freg3R6vVxEJNy3akkX8vpTeW1zumizTP0X3OZIQ15w="}},"5TGNq67gpAQnev7Mvdv63w/KNS3IXk730OAAYnJVDZU=":{"valueMac":{"type":"Buffer","data":"nsmrwsUlxuJg1W4/roZpuIr6qnP6QofQ937cHMxy168="}},"a/V18JcdeRY+7hg4f+6FvtSzlWDXWz6pIdqnrBljDSg=":{"valueMac":{"type":"Buffer","data":"wQu40WYlpOHWHy7tP7dVkztQa4eySs92LqWrwXdVlCo="}},"CsDtNxf0EdOTbKTaFPgw8AXqhhYqgzjtwDLg4UoAGNI=":{"valueMac":{"type":"Buffer","data":"VzkUkrEGmDbFbqIY6++0ZOQOKeXrDdenUThXGsCRfvI="}},"nkj4aWu7FwzN8xwlh/Phi7tp1MYgGy+uX9g3BvC4bAI=":{"valueMac":{"type":"Buffer","data":"YiQZRhYorUKmASQWSbGTwgWLrv2gDFJx8tOAZAv/jZc="}}}}