{"version":2,"hash":{"type":"Buffer","data":"0X1jFV/bSU/JA3C/xQo8w3UYN5HpzHOTLCw8zmMpZNStWRbbQqYS5IdMgg2LthcA2+CX5nUUzILLh4JfM5pUlWpDci41GYYbty5YmWV8h7XCuX6OAXPKiw4UGXcTK/sYI07dTRHbeOpkHJx1oSBLmsM1g87hcQ9i/cKsIWo+zSs="},"indexValueMap":{"CRvdh8o0RMNq6KmhTIMwlio2cAPCoEhp5tIM6WiCkno=":{"valueMac":{"type":"Buffer","data":"A5LEpVmtMbkfzi0XLTrhsntf9PyzU94OjI9LpWwDXn4="}},"FsOKNlPEz9zleVF/QQm4sYHSMqHFuoJbF3PN4JYvWWo=":{"valueMac":{"type":"Buffer","data":"LBoWtDwBWLx01IBTsK4b0rAQG/ceI0Pt1Uz6ruc41kk="}},"UbS91VJLzEwBGkM3i2+Tj/YKMWledDi4Roa4VyvPGes=":{"valueMac":{"type":"Buffer","data":"zD9BZ1mqg/xe86OQdKzBrUDCrpdePoDXD5ZudE1/yWQ="}},"MJ1K/9t7aIE50vNomVp2WYj6VqCpL4EwNOEtepT9oo0=":{"valueMac":{"type":"Buffer","data":"iquLbpQjs1Oo+aGewEdkbAJtsDUEfSCCx9Uk1FoYXcQ="}},"WwXw93dJt6EhO6+QHKKBRIBLKDCgj76IuLFYz9jGTII=":{"valueMac":{"type":"Buffer","data":"mcWc/kcTwI0f93XziJBWmZWqOKu77GWEG+lQ4qfBmwg="}},"r41n8+OoRJktAL1jPgNf6p5Am/mPYBhwGQ5B/4NFKmg=":{"valueMac":{"type":"Buffer","data":"6fIsrWwcgRfRIuy+VcWpCI4/tJ/jyZHXNYNTIi0J1AI="}},"5ErY5dz6TKKizd1n4RSRc03jArD8wieQvWuYK/XuGg4=":{"valueMac":{"type":"Buffer","data":"PLStRhKzkNLLbDaLOHFWBpQkuwTId3Wu25gv1Fsgl/g="}},"iybKceVennvE3ZtRrs6nJlOISYCRqnCZKAPaOderxfc=":{"valueMac":{"type":"Buffer","data":"RfgTxNtOo3tDGf0q/HsdwuWx+kF8asLEEC5gsFpyjuA="}},"7XXBHeuuJhSURKR8iOV2CsWEp4H/dRXSO2LI7uia/s4=":{"valueMac":{"type":"Buffer","data":"IuGxNsio+lSijbD9sQCq1jx7U/GOo4CqDgiScdDfXu4="}},"48XnbU3p6mV//gNJb2/VwVVOXWpKrOvtuuqTNJEiVKI=":{"valueMac":{"type":"Buffer","data":"vmkb2/rkYRRsjK7Xm5ElYV/kZyUvXgyizX1aRFLOiL0="}},"sHyqFDXi0vBSwjWTMvOTt0P6/A6K1fASmBdcW2a5EYQ=":{"valueMac":{"type":"Buffer","data":"xWyRfJKc5vozOHCq0W9532yewkZFu3bi34i+n+UGUiY="}},"8GHXDomQfk13g1GCUw6i8JBlecdO8ymHeZCcIQ94/Xc=":{"valueMac":{"type":"Buffer","data":"mXCc0QMa5N9/2kUCrXUubnRgnDc4WhhzwcWUPSCs7AE="}},"AzBPEKjfnvSH+cmEMOs2J6UAICR27P73uzi9bbQKDGc=":{"valueMac":{"type":"Buffer","data":"FrDzUVmk6cegIrJYjtp25bRh7bQmb69weQRF0m8riLc="}},"ZOupHU2YaVBu/71jIJSvmcv/prTfVHl6FnhMMKLinos=":{"valueMac":{"type":"Buffer","data":"PNXSulO/6v0EggrJhRtKqxzhLPc2Xsq/2cpNuCDHt/I="}},"LPQtEcIcmUSQYM9Qx/rRFCgocs/iCDZBDV6gHFGSNPw=":{"valueMac":{"type":"Buffer","data":"8/sOxpm+nyOU/mZNT927KV8YxJBizvUQ9n564idII68="}},"z41us3TDVBKwuuSkpEWLrfAh71YZbi1kWC6ykstCBJk=":{"valueMac":{"type":"Buffer","data":"IbD/rfNcGZZvjErZuG/gNNsuezXjKToiHndxbmPYE2U="}},"5NHbo9a2gLxrCpnhTQQhNvX1b6idnmAPyhiwqBOtuk0=":{"valueMac":{"type":"Buffer","data":"ee76gY+UaiULYGg+Q3hXeWvMKIM3HiqyRzsRIpjcp5A="}},"UEmvquGL90NPaxl+sk5qvEyjsnOVxi+Ej44rEo0aN/E=":{"valueMac":{"type":"Buffer","data":"2Od8gfYUqpPN/zk4BX22YYdC64JZsYKbu86cQIQTGaM="}},"rhlppvTsI9VQKKxtJ8y046ORuzuc3Da3I08cKX4CDMk=":{"valueMac":{"type":"Buffer","data":"d5C1mdYdGDcO17BdPLuJ012o52V7PVfEZgGpJqr7Ywk="}},"6A0qhbyQ1PpJ3nQ1Kdy76LGmmd5rnPz5ZDrnqr+LMfo=":{"valueMac":{"type":"Buffer","data":"eloFLjOD+2/QGGBQPSMi3sl9KQI9s52t8MiC4y7eNwY="}},"IzWhjYvJcrOF1u8AaYDq4UxIqzZ0hrPvKKTPaPlk9Z0=":{"valueMac":{"type":"Buffer","data":"PmrBac4bIHjj1MLsHz9l0bQFsQnKmwEexiSKIv7H4NQ="}},"sp/AggKsNpkGgLebayHK9+TY/Q/PEyD9eRmJfOhJWvQ=":{"valueMac":{"type":"Buffer","data":"DEz556PGb4YAYjr5mBFi3ThuYJLgbbrzEl6YpEIBMAs="}},"CvKPTOO9QkEre04hqUIGTzaNdnbuido5JXtPpzyzqKw=":{"valueMac":{"type":"Buffer","data":"dPhkSj8plHRALRzuRFJWIsAYTIKgB9CEArAcYpnsjvA="}},"jtw/0p1Cdad04xCTa39nI50HG5uhmA5pjthaZuw+Zok=":{"valueMac":{"type":"Buffer","data":"GmJRkIVvVr+xEnWZ+T+nFwiV/bqB8JDa+XAEKvUZGD8="}},"lOcMwDJTzoZnvQpBcGgjqiBhrHGnPkNU1v48HkAIOBc=":{"valueMac":{"type":"Buffer","data":"E8ImHLJquufWf6tCSia1YUWr6PdNzM1FQ7mZY9yRH6E="}},"GUiheN/0P/Fj2hR61+ydFAKiHmBMP32rAYZwLC89OFw=":{"valueMac":{"type":"Buffer","data":"cMRZKVkdMHBdBZi3wmn035FlOnz2ChUQo1yDefQKdC0="}},"GVliQGjeRR5BLV/UilsFrY0vuDhmYssTYvBcJAzzeNA=":{"valueMac":{"type":"Buffer","data":"3IHdEVP+xuWfZP2zU4Y44yeA4c41H2oSDQ3A+Yo2Rgw="}},"twjDG/y7aL8dqN63RB9SHLup5F9m8PkGdZpfzwWEqyU=":{"valueMac":{"type":"Buffer","data":"ktVSZsbeTGRZAsve9Rz/FQNw8IaGfnkc+C1WvIR9JH0="}},"aEowPo1TO0a/G7wPIiUr2PGVZ6WSICJlsJr+3fHeFw4=":{"valueMac":{"type":"Buffer","data":"LYCUnPwHSCFJjO/A0CNUuAcpg+uPvyvwx+IbcORZ8Lo="}},"bf5gOBFXi7dMDUweEiaJlsVT9x/vuKgZymTmAAu5Qhg=":{"valueMac":{"type":"Buffer","data":"ILxfOKaOGQpJW1HNsMlYlwm5l13TaUhBNgECDKhZoOg="}},"jFcEKw7qInpP/YMCiNyzQaJ6u3wsg4eive5oZvNQgUI=":{"valueMac":{"type":"Buffer","data":"AV0T5mnF5+1RbX4XzLF49XrjgmgtTmx/W4WOzc0NIgs="}},"PuIsGQZqWFksc/qzpEekSdSacETc5p8Zfkc9W17JyyI=":{"valueMac":{"type":"Buffer","data":"T1JpRGyYwpAP6hZV2i7sVTEHUE2Fl9nk5HiLbYZBHS4="}},"DSILyS3wIWR9Nv9X09z1NPmGFfgB8KLlugde6DQwCRs=":{"valueMac":{"type":"Buffer","data":"BgvKveQWkkGwH7T0EV6+sSoW/gxCIMp7T2N5koP9e/Q="}},"z/NXvJ4ZrXIqnvZO/ROkDFXiu/gDqZCssXCaTfBunag=":{"valueMac":{"type":"Buffer","data":"2zo8dKhgAPSqcXZ4YMjyqgaH632egxRb7Uw/HklktCA="}},"E22hp3obxHeeuI/tw3QGOlAJLnuw7l/zx5wSkIxzQCo=":{"valueMac":{"type":"Buffer","data":"K1VoL86896nLo+iGha8Ko/0t+Mov4MQwq/tiDxZeSLg="}},"o5jaYEHbUgRxfrlksfoYUiAJXnGxsUtlsUqdIIX+BCo=":{"valueMac":{"type":"Buffer","data":"HX1syuc32tKdwN0LQjWq+PwMAuoyA3KxmVulGej7ikM="}},"YE1qRsagkMXlvDehZFV6fQM2eKAoUAH0jSaULDEpl1M=":{"valueMac":{"type":"Buffer","data":"HOrmiDQhI3OZUI1tDkeoHBJwfpeC5l3+Dwd6zEUF46E="}}}}