{"version":1,"hash":{"type":"Buffer","data":"yvlBTr36BjvRgOlBSXFGnwbVqiJmJPeNbw3f35IC1tgEgTna0rtDqFh2HCdCN3KgiBnfxTqHILFmz3JTT2Fwj3LFZwSGR/S4anudRDdh8O36g63H0/CjyfVVewBPSiQlzNqcj65Ztnxu6yceVLJJ/zwqgrCmgRUACP4whNHBjcI="},"indexValueMap":{"4+mLOONUJC8yyuEzgxH7eTjJTXl2sMe4yZH9Ff5E+04=":{"valueMac":{"type":"Buffer","data":"7JFp4EKekCFNURo2Bs0D6HrawrH9GwgXvJBv4QU4Gog="}},"4j7xzyMEsHvem71joxetrKiKPMPD37yGZqTnYS8n5LM=":{"valueMac":{"type":"Buffer","data":"msmRm/yF2gPZTbdamhcuHkW2PrP+Ln7bkRoly5dXE1Q="}},"V7fPU0H/vS7QmFcVPQ7j63dtXMoLcMWyVXQNfBhTIeI=":{"valueMac":{"type":"Buffer","data":"8bcYrUVzKLs0vEvPRMwnVVsz8h1QfMhROV0+0DviBG8="}},"Y+LYBd3UxManteKAifCotV3y73YR0CiGczE5qt/ZLjw=":{"valueMac":{"type":"Buffer","data":"vHJEL2P6d5o7YWqp910dJvTW56f0CBNfcTQ6YUeTkoA="}},"FRFdI8Nah5EaQqzUMYyjw/0wSMpg71hE9MIxt2fMEYc=":{"valueMac":{"type":"Buffer","data":"qhleau9/CPeNnotyJPKqs1qNvcM5qsVi/dUgazNVxQY="}},"FamQZJIbJ5uWIovLDU8nBKiV2/iwUrCht8dJucW6Pik=":{"valueMac":{"type":"Buffer","data":"CHokN+TPV1Xh41wVkCQBQ5auoqpmgzB9279Zl7O9CJo="}},"xkv4zUBdO671XyzmNRg1x1IigJEGDg6WZFTL4ASEt1o=":{"valueMac":{"type":"Buffer","data":"z/Gh/oke39mNWA9BvQkVF4Gn/YFaY3qE6uOIj2l19g0="}},"c6a5bFMCz5YCTgfh7hgdJdZ2Xy6hNrejy+bA3pnoEfI=":{"valueMac":{"type":"Buffer","data":"lQ+4yCk5YtzsI8Bh46zUSjgigB3LAjsoy3KrDLZXyTI="}},"LBuOI52u649jFbEh0rbyNXDBCObJJnrNl6Z+mpElDzU=":{"valueMac":{"type":"Buffer","data":"2McDqnDGqsIUYcR4rRMx5hz63CXAjD6fXcQ7//ZsEFc="}},"6hwTE1pkz0Pjm9S10CXV81uQvhP+5r8/Bc7kpSpEZX8=":{"valueMac":{"type":"Buffer","data":"ZZZ9lTG36GwXviSL+Hi3+utJ5NbxwhoYdzgiS6+TZ+c="}},"b44CWHidKAYLCEEkyTzJPc2hMzsB7c4CuxecoL5UKsY=":{"valueMac":{"type":"Buffer","data":"PIDf4f8CnNAsOtPf5obLqh/duNEeUNE74Rqk4mbPfKA="}},"yoAqLYr2gjnwP1r5EqgYhYJne7h1hCQnH2wD9KoD9NM=":{"valueMac":{"type":"Buffer","data":"hN9LRm0Se0JU38Cwra0V/VJ+rIrJ6zTOEm9+QvnBIiE="}},"dItMHZqoYfBnoy+sfnAWpgBEFlRwN0ISmVJrxz3ZQec=":{"valueMac":{"type":"Buffer","data":"yaa6gfb62fbBpmHug5xg0Ek8M+oKFY6L/jsJuyXy0XY="}},"BoJeUzb9GyseYYx6CQQOwQs72sukBX8VpHwKA/TSIRc=":{"valueMac":{"type":"Buffer","data":"4p+gX/rpyPF+marI5a6zgfTi/8ngeMaFwrPXqSFrHUI="}},"rgZAHsAtRO90fRyRJZkdSRySglRR3/sR34B59aBJ3fg=":{"valueMac":{"type":"Buffer","data":"k/le4p6jT6CKkTWdvxFhm1/C7vS9ItBROY7Oi4sSKAw="}},"SSB1+Y7Clbs7kaxASqwJnCkPq7QopBfgyWXDhMuUxt8=":{"valueMac":{"type":"Buffer","data":"gHRgPMozh2avSj/SHfeOM3aSOuaCXcgguPbE9d8PlK4="}},"RZGJXnVc4Jz7lFU8W3ZX3hddSSRoPLKq4Q/5Z3H0BMc=":{"valueMac":{"type":"Buffer","data":"o5WxKhCNeZN8IOoWZrTqv26QnMaIEe6itr99Gzs37H4="}},"zSABgCX1i2hHkD3tqcpOuDakUV/ZjsORYe51gOlvM/k=":{"valueMac":{"type":"Buffer","data":"mIjJ3OQx2SZ4fJ5hlKkJGzAVsqVi+U7kvvsk9EG/qUQ="}},"v7P5QKVPbv7UE7/gLH9B5ytVgSMDNWry/fVjqdpl+9g=":{"valueMac":{"type":"Buffer","data":"IIGQwYiisECCy4GR0hlh/ECoiVzlktjZMsVSnefFEXk="}},"mW/oe3cxff8V9L3j8TzrHx7+GC9VJ4/u+I/UqduUDyU=":{"valueMac":{"type":"Buffer","data":"mbX31/U6PxG+xuewVj+bs87DtXAMKTbVuMSiuavjwGw="}},"Vx9yiISNOwo7871cVL40FZQ6A5/ggqDIX/f/heas6EA=":{"valueMac":{"type":"Buffer","data":"6deyGFYnIaUCpt8HdvrgUxBnQrFnyoTS/LtBEvzdfRQ="}},"+5fJ4ErR/6Ko2xT/hLNoGB81dtNOd3/jGLmnGm4oIHg=":{"valueMac":{"type":"Buffer","data":"FaBcbZWc2DG6ERwzP4shdwMtldA6SzPt3OLxBbKRYaY="}},"Tb6+3WJGtyagUUB7ImielJbjB7fHG9MU2ANL2TIo+vw=":{"valueMac":{"type":"Buffer","data":"FP6edxKQgh6dYM++DhQAnwXZqaOAtjrDkROtIa/Tl6U="}},"ZartTAdlqaEwdam4EFZbEcr1Q0Rp0hKqIqrx4pIjq9w=":{"valueMac":{"type":"Buffer","data":"oLxHYCOVQ29srno9hTVs7wRY8VEgdjRFUVpEewPYKyU="}},"i0j2eiAsHw+Afruu7KW0WzJhFEA3NnI87/yJL8zyd4E=":{"valueMac":{"type":"Buffer","data":"609DDGm/KAJzaFE6dLzrpmoupxQKLwyLgyocg/XmlSo="}},"LuSePR4t9C+F/S4eP2NaivL7O7ItMvr3OBr8rhB41bA=":{"valueMac":{"type":"Buffer","data":"qE599IVaA4i97ErW8Fd+an/zijfzYiLlWTzGhiQ70Kw="}},"pburUcsnRxW/R07AiIJ32DAj7IimCztorHmlusauEyY=":{"valueMac":{"type":"Buffer","data":"lEEaj7tTei8zJHvlN8loxBoDwP/588S5qJ2AZITuN5E="}},"Sn/P+UAUs+DYCL0HLxsWlmYJLGhJ9B43G4Yk8xbRyEY=":{"valueMac":{"type":"Buffer","data":"rMEkYWaVokryPkSHcUzW76jvOCQk5Vza8tRHGOsEVeg="}},"+x74szeOSjjY4x95D8N91qngzW6IyKuYwx5CSbk6gsE=":{"valueMac":{"type":"Buffer","data":"cg8u00dnyDFcmZc3AwcpL9SL71FGERvn4yPMKcJFlIY="}},"+Ya7+qxeyGEHVnN8wxlqeOY4L63ABLR1BUN0GpTntjk=":{"valueMac":{"type":"Buffer","data":"cMkCYCFTUVRWghthB3EcaslLkyWzKxtqgGGMWVg9ydk="}},"HNK5srX0y2cqV7kbdaDS5k3GGkm25RqG1n9ANS+3uow=":{"valueMac":{"type":"Buffer","data":"eaqoDjbQd644PYBFzCGHO6rLE6K4UF5LZFY8UJqXwpY="}},"PKxsY1B+luAj7uzCsBVNzIROINjSECcCpapeuWNUytY=":{"valueMac":{"type":"Buffer","data":"OHgVr2MvPNU9LUDqxdlPBaSwSaGao6AinRAw5BXeh+o="}},"LJZ/KSitZ5C9xQ+5/mp5pJk6hmLjVO5LHWF6mCKuOxo=":{"valueMac":{"type":"Buffer","data":"SsGgeaLNOKGWMqgLisuLxQwC/xEQjdZIW4TGGqnWDIo="}},"P4LMD8VGZiuZj60i7zLtOwHnUcFuqRX9Urqffp2FOTQ=":{"valueMac":{"type":"Buffer","data":"684qYaAAwCVCFJpksxCbv8KhijPencT2CvAXIaHwVCU="}},"HUsWM7z5etQcg1wku5j0TQttS13WikWXsaD9KuqFY1s=":{"valueMac":{"type":"Buffer","data":"9UF1fucQ5AXIxouuzE+tdX621QwnvYCI8Vkrm0SFU0w="}},"pJUrrc1DCSrtgf+RN/NNVxBJG4xC9yiFmjg6wV3Cb9k=":{"valueMac":{"type":"Buffer","data":"jvGexN+c28FajkxbISxH35EWr9PEMTjx2ZGLYC2ONKQ="}},"wUttKB1yNRSPxsJXFVn/Gzj6t5mZ66j13euE7Ez5gJo=":{"valueMac":{"type":"Buffer","data":"o+/WFlchGwRhHRKukgP4B+CyJjQYs3omrIazRv/o8DE="}},"zZOh7VbfYRpG16am6B2gvLdq8ktPVA8R+mLnWxedvb0=":{"valueMac":{"type":"Buffer","data":"Tua4bNVgna5obVOlUo8vxw/2VHYlO18XhCX61POgXxg="}},"7neaAh7KIp5SCvxysoqJHXarINAVrYmqeKkOjMo7LT8=":{"valueMac":{"type":"Buffer","data":"6uKNPAjxqrXrCABz7DVXHAjLppoTGn+5q63+s2ra3Jg="}},"2cQpfJOxgnvUsH/kD6bkK5dhSRuOV+SeS2b00OIeh6Y=":{"valueMac":{"type":"Buffer","data":"DbMLOTTXMFTKwfmXFbUB0ja2YrSjrxJXYItnhjI5I8o="}},"1zxtWbrz+RWoCJII7sCcC6g0WUzwb69imUOoGGwKUZE=":{"valueMac":{"type":"Buffer","data":"LYeaa1oPUES7vZoSst3ZjGPSZtqOWDi8ez2WVSv8Gv4="}},"UkdZU/geGgSSfx0te6/dYPt+vyEYvBQfic9bloB8M3U=":{"valueMac":{"type":"Buffer","data":"Sp8ydKaHl30zDjOBviPu14vCQFoiC/P3DSyH2LLEius="}},"FibYsSDijocUdtI5+nof/+cSY5QrHQbyJAHccq7kdcM=":{"valueMac":{"type":"Buffer","data":"PPk1UNty/4PAAqbiJ0QCKNWKKbYA+xhKmNaHbmnvKHo="}},"3me2zzQiwdWlX0KsW+OZBwNkDU0Vm94DZksZcUFPafU=":{"valueMac":{"type":"Buffer","data":"y2eCSMpEiMmCM6uHFXhPZbLckA4nYBLsZqgCLo31pi4="}}}}