{"noiseKey":{"private":{"type":"Buffer","data":"oJM62zHe3ErjcxUkLKVTVtukHcOwjBQD3VrGbRdkOlk="},"public":{"type":"Buffer","data":"Po6ZNMs4segmLabW2QRv48zuPHsm4A0qqswKwmB0vyA="}},"pairingEphemeralKeyPair":{"private":{"type":"Buffer","data":"wH9CVysZ/Vn3/fgrKIMtDmcTp7n9ezoiZ6/bLmcdOmM="},"public":{"type":"Buffer","data":"VekpqbQgeSSWOvW6GeMIPM9lXaFFOq0L0SEqAAOMPWM="}},"signedIdentityKey":{"private":{"type":"Buffer","data":"KMW2x4052pSzcURAg0XIJHN1hA2B64ekp0QKA9ZVIEc="},"public":{"type":"Buffer","data":"yRyDbJZy+LaOQ2rvrEbc8+C/faPOKBaKvf/LACnC+Cs="}},"signedPreKey":{"keyPair":{"private":{"type":"Buffer","data":"0OB1nZBz+huatgrrnEnne4aR9oOGdL6wyeIPJmKT4kE="},"public":{"type":"Buffer","data":"V5BJm+a6gL+NCi4iJDbWW3cT8czn9EQDGYk1zA7C1Xs="}},"signature":{"type":"Buffer","data":"qHu/zwx5QiLcrWiPr1RlILvpXLlUiJFF7VBbuV5Sw2YaWqW1xTboKfe6mcq0mSPpPQvtRUxLf4vx2PUDRK2fBA=="},"keyId":1},"registrationId":130,"advSecretKey":"g3EHdV2qPdDyZE95dyKLAiastlW51TpKXJmK2jY84ds=","processedHistoryMessages":[{"key":{"remoteJid":"59896367249@s.whatsapp.net","fromMe":true,"id":"E7996DE345A00838214FDA63C5F9E64F"},"messageTimestamp":1753455846},{"key":{"remoteJid":"59896367249@s.whatsapp.net","fromMe":true,"id":"368BBA6E61893E5704B60BC97F231E35"},"messageTimestamp":1753455857}],"nextPreKeyId":304,"firstUnuploadedPreKeyId":304,"accountSyncCounter":1,"accountSettings":{"unarchiveChats":false},"registered":true,"pairingCode":"WHOIZUMI","lastPropHash":"PWk5B","routingInfo":{"type":"Buffer","data":"CAUIAg=="},"me":{"id":"59896367249:6@s.whatsapp.net","name":"Hola","jid":"59896367249@s.whatsapp.net","lid":"61710677373172:6@lid"},"account":{"details":"CJbrrNAHEOG5jsQGGAEgACgA","accountSignatureKey":"/5vbHrUr6hso5pm/HJbK9+zEcTUK0ZYu0/dUKZKqk2k=","accountSignature":"BQdSs1ISYUWGPKE1TyOGswlHzZP19GmELKYqX+YqFuv0Fc8jSSKIMxlgnMBkNtSsFgAXoOqvqb7hjy0613NcAw==","deviceSignature":"WAAv2QpYdv1FJKwBWFiH0lvW/kw+pgo0P2kFFQEI5gP5iVI0ZDJOrQhN1FpQanR2Lqu1FHvU6Omj6qn/v/zNBw=="},"signalIdentities":[{"identifier":{"name":"59896367249:6@s.whatsapp.net","deviceId":0},"identifierKey":{"type":"Buffer","data":"Bf+b2x61K+obKOaZvxyWyvfsxHE1CtGWLtP3VCmSqpNp"}}],"platform":"smba","lastAccountSyncTimestamp":1753456644,"myAppStateKeyId":"AAAAAAxm"}