[{"senderKeyId":1893321462,"senderChainKey":{"iteration":6,"seed":"sA3n2G7ToN6iFRYXp3isbgEh2JTtCJzN7oe1T4bBYsg="},"senderSigningKey":{"public":"BVvirWeayXmi29WDtfi33eiU+AYoqQuI9XURPnXKqywI"},"senderMessageKeys":[]},{"senderKeyId":1171543253,"senderChainKey":{"iteration":5,"seed":"4wW5HbOG6PZG7gIETgiT6/sutGtqyITeWCWNuke5Vi0="},"senderSigningKey":{"public":"Bdst2fdB+Low/mMh0IuU/XCEbv5wiVhFR2semLCiz5s7"},"senderMessageKeys":[]},{"senderKeyId":1621282322,"senderChainKey":{"iteration":12,"seed":"nno9QmMJuUQYPOtTWKKVcYc/ef1eRBAiXdZ72Q1xX20="},"senderSigningKey":{"public":"BR0/LFKcEXVDy/k70E2YUxSqrR3zgCNTeFQ+r6PqnmpU"},"senderMessageKeys":[]},{"senderKeyId":768084338,"senderChainKey":{"iteration":19,"seed":"EiYJ+pshz7n2v+LV+7b+4+jZfl9pwFhUvCL3qYRCEB8="},"senderSigningKey":{"public":"Bd9I3G26odsHtUhmTfgbg/12K6Q/Jxi8O7wV4//2z3ET"},"senderMessageKeys":[]},{"senderKeyId":573190973,"senderChainKey":{"iteration":15,"seed":"VQkC7vCmPAj6qEaHuu3wdMHT3juACGwwEzq+bLXoWYI="},"senderSigningKey":{"public":"BdIC/GhxTLG8CFep9ooGC1VBXgl1LbdrQIvgU0dFFVco"},"senderMessageKeys":[]}]