[{"senderKeyId":727736058,"senderChainKey":{"iteration":2,"seed":"jUAU4KFgZE5dAIFscKi5rpVzWgg1dk+PCf202fpvA6Y="},"senderSigningKey":{"public":"BQKimNcpqaShTsa6o4+0RAUd1EzzFkXNpfUPckYIBJwz"},"senderMessageKeys":[]},{"senderKeyId":1917109722,"senderChainKey":{"iteration":4,"seed":"giOHC8BUgS9H7c+FIfMXeKxNg5kC6Im0bgrgQyaHOyY="},"senderSigningKey":{"public":"BZCT1e8QoJ6lSfOuFgohCc3nuqVTZsTbeuj3HxfYChd2"},"senderMessageKeys":[]},{"senderKeyId":957446988,"senderChainKey":{"iteration":38,"seed":"8HQ6Ljo5i3LecvVhl1bxMhCztNGnM4vhZDhj6w18+Bc="},"senderSigningKey":{"public":"Bc7iHXuQH6ozmksSpk0qCU0rvQBFbtWITsTKnLS94l4M"},"senderMessageKeys":[]},{"senderKeyId":120597850,"senderChainKey":{"iteration":2,"seed":"1IKmTZ3hAg/nCHPEAYU9harEoTWNrJFG+HS13x+83t8="},"senderSigningKey":{"public":"BYGoU4ejLlwY4MsBsWctppMyGFwTsTc1+5wbirDsaeIX"},"senderMessageKeys":[]},{"senderKeyId":559908803,"senderChainKey":{"iteration":3,"seed":"wyEMzPNDkogQz0Bo3uO3XL+/N2UHWm1m3v2oLdRM+/Q="},"senderSigningKey":{"public":"BcinoMAPPolsRtu0aRjrFQhQsjqlZRO0B9OLBFZ0wb9K"},"senderMessageKeys":[]}]