[{"senderKeyId":1722190987,"senderChainKey":{"iteration":37,"seed":"/v1jL8ZirhLY4MmjTitHGqxWopQ2QxB50iDhMOfWtrQ="},"senderSigningKey":{"public":"BRF7RKfvt5nboeKuT9zI8Pb89K5gZ50KWGKoiNHRFCJe"},"senderMessageKeys":[]},{"senderKeyId":846148462,"senderChainKey":{"iteration":1,"seed":"Md0gKE5J81bTpdC+Ks8Y1LzQsLwaTaYrViFI7NilZgs="},"senderSigningKey":{"public":"BeNcFBrvW3YzdSFd64OpBhH9o+OFBWCBrQSiZSTvCPkv"}},{"senderKeyId":307245460,"senderChainKey":{"iteration":2,"seed":"IbIh8JUoaMYoQUciUB5UaGF7ANPe0eYHkyuZmeHOqxs="},"senderSigningKey":{"public":"BXjda65nSBqVcIxNTXxsnsXdnLQ9o9NY+BTNW72BZMw0"}},{"senderKeyId":1804080812,"senderChainKey":{"iteration":10,"seed":"IMrRhmlGIhe4tORd9Tph/z6lzcVistVlR+pozPTtksc="},"senderSigningKey":{"public":"BWSOT1RZrbqjTnOtfs9fDIfV9ZDua41arwON0YH95cpd"}}]