[{"senderKeyId":1518979032,"senderChainKey":{"iteration":48,"seed":"jKmZXTQA/KSFGjrKyCn82AxoGrsslkb6OatNOLgEpoQ="},"senderSigningKey":{"public":"Ba1ooKI8sVenoolImEYsQEyAotS8K/eemMzZhAFnIRpy"},"senderMessageKeys":[]},{"senderKeyId":289479135,"senderChainKey":{"iteration":8,"seed":"KdkegEVp3yJaA9rtHoKim0Tg4EBFDHeVQT2+8uBarfU="},"senderSigningKey":{"public":"BTc9Ta6MBsNv66EGDRoIJtWXPm0ciiIn2o0zqatB9odk"}},{"senderKeyId":795604101,"senderChainKey":{"iteration":4,"seed":"RDGFM/jL2P5TrF0k9UyiBOnRYBlmDZIg0f5ockZc7Ls="},"senderSigningKey":{"public":"BaQ74QEbbrCr2yYb1xL2xm6aJ35YRyrLbtf8HOTNZ/N2"}},{"senderKeyId":1789948746,"senderChainKey":{"iteration":16,"seed":"u2VWo+LSkl54XeDyPS12g2dBNuW66DqhiRwCMpRCOn8="},"senderSigningKey":{"public":"BUNIJ2BArA767NYAonKTwFdxc51h6X+k1mzIlymOLU1X"}}]