[{"senderKeyId":1478850155,"senderChainKey":{"iteration":34,"seed":"IXMHs3e0lVhA0xwWGgdrA2qW7kC/J25z6ubRk69FeEI="},"senderSigningKey":{"public":"BcyTydLy5AmcA+MxTlldf0GHeIpts02rw7WWvyPs4s0w"},"senderMessageKeys":[{},{},{},{},{},{}]},{"senderKeyId":1478850155,"senderChainKey":{"iteration":29,"seed":"//SRfn2cUcMTn4SRRcJ+AIkN+FKvartK3Dhc/oVMLk0="},"senderSigningKey":{"public":"BcyTydLy5AmcA+MxTlldf0GHeIpts02rw7WWvyPs4s0w"},"senderMessageKeys":[]},{"senderKeyId":1478850155,"senderChainKey":{"iteration":30,"seed":"l0EeUGZ0FP2cgdj9UkhwNcVfbzeQYwcHIomL9kFyTfw="},"senderSigningKey":{"public":"BcyTydLy5AmcA+MxTlldf0GHeIpts02rw7WWvyPs4s0w"},"senderMessageKeys":[]},{"senderKeyId":1478850155,"senderChainKey":{"iteration":31,"seed":"xyZxTCsT0x92UmhVD0y9LDlsqRXsEH3yPjL54MC6sf4="},"senderSigningKey":{"public":"BcyTydLy5AmcA+MxTlldf0GHeIpts02rw7WWvyPs4s0w"},"senderMessageKeys":[]},{"senderKeyId":1478850155,"senderChainKey":{"iteration":32,"seed":"FmM8J+sHSGIKG2M+UFhvojgRHloPeI70O38LY6+IF4g="},"senderSigningKey":{"public":"BcyTydLy5AmcA+MxTlldf0GHeIpts02rw7WWvyPs4s0w"}}]