[{"senderKeyId":486871632,"senderChainKey":{"iteration":39,"seed":"9VsIpdtS5LXgqalUcd/S5JLBljJHPHUUH0niUd8C0E4="},"senderSigningKey":{"public":"BTbPCFZ3J0KBy9WAKaBN5FOtgraFSm1/0eN5q8xq0tAw"},"senderMessageKeys":[]},{"senderKeyId":1572353671,"senderChainKey":{"iteration":2,"seed":"tpYx6d21wg/8+hGbIuT+2TO+dwzcBr+ZiRbiOBmMMWo="},"senderSigningKey":{"public":"BQ8UpR+cBHBR/6VfM4zqVRdvOhl8FTY4/iDW7k9rQVhK"}},{"senderKeyId":1440488133,"senderChainKey":{"iteration":4,"seed":"mRS7e0a4l/ObwqYNnZhDwOM77OmACUBQYxgVmX7drCc="},"senderSigningKey":{"public":"BT0TIcGMgiNHK2Iw00j4eZXe/PNoZBYQsvcg3GRJyNY2"}}]