[{"senderKeyId":1827439546,"senderChainKey":{"iteration":23,"seed":"VRUlqIT3SWbz14S4jZL3SocnfAgM+dquCG9vmAlhcJI="},"senderSigningKey":{"public":"BdxVWjGOVRX/gATk6fdpOFL3Aps/z2uBMwbm9uyNrDZ5"},"senderMessageKeys":[{},{}]},{"senderKeyId":58565396,"senderChainKey":{"iteration":7,"seed":"DtRMl6c72ZgNA+v9I5DPS1g/HZ5orlHBTr04N6tiW64="},"senderSigningKey":{"public":"BcYcXEZjFVE9dzL56ol/H+jAQFrEwueddfhcGOidOrN6"}},{"senderKeyId":58565396,"senderChainKey":{"iteration":7,"seed":"DtRMl6c72ZgNA+v9I5DPS1g/HZ5orlHBTr04N6tiW64="},"senderSigningKey":{"public":"BcYcXEZjFVE9dzL56ol/H+jAQFrEwueddfhcGOidOrN6"}},{"senderKeyId":58565396,"senderChainKey":{"iteration":7,"seed":"DtRMl6c72ZgNA+v9I5DPS1g/HZ5orlHBTr04N6tiW64="},"senderSigningKey":{"public":"BcYcXEZjFVE9dzL56ol/H+jAQFrEwueddfhcGOidOrN6"}},{"senderKeyId":58565396,"senderChainKey":{"iteration":7,"seed":"DtRMl6c72ZgNA+v9I5DPS1g/HZ5orlHBTr04N6tiW64="},"senderSigningKey":{"public":"BcYcXEZjFVE9dzL56ol/H+jAQFrEwueddfhcGOidOrN6"}}]