[{"senderKeyId":192352567,"senderChainKey":{"iteration":29,"seed":"oibn69HxiSaymDzEaX156SLYubzS7IF7ButpwlBfoDw="},"senderSigningKey":{"public":"BZaLFN+RMn2lsUiyz7W0r20J9yh3z1eH9NUAi7XjJ1oN"},"senderMessageKeys":[]},{"senderKeyId":128405312,"senderChainKey":{"iteration":7,"seed":"9sPKq370bYDDycjbJkZ7nJAiX4n5f/z0OZHqFUSZ8z8="},"senderSigningKey":{"public":"BbICyPk6nD2GR0ATtzvAsr9BR2grV6r4vZ0dZ3lLMvwd"}},{"senderKeyId":1298373318,"senderChainKey":{"iteration":4,"seed":"V0CSArpXbC5Wfe5yMrEx0SKxECIdxOHvZt0tAovfXuA="},"senderSigningKey":{"public":"BRddD8OgXuB5tODSDED9PlNrkgbIOvs0j7h4w3NcQARa"}}]