[{"senderKeyId":302310444,"senderChainKey":{"iteration":18,"seed":"YgTIqJija0gIITSyfcbjquq2vV4uUgUCtBBDOyJuw+Q="},"senderSigningKey":{"public":"Bffv4ut1UiVR0R+IArWo5X1cRosSpNHvupcJNbDZgXs9"},"senderMessageKeys":[]},{"senderKeyId":302310444,"senderChainKey":{"iteration":4,"seed":"PNonG10XOfyBCaajuOQJHCYTECIIgR63/ib6jv/I0FY="},"senderSigningKey":{"public":"Bffv4ut1UiVR0R+IArWo5X1cRosSpNHvupcJNbDZgXs9"},"senderMessageKeys":[]},{"senderKeyId":159343247,"senderChainKey":{"iteration":1,"seed":"3PHDikezNfwbS382VBP2QIz9bRWsUlEuAXxJjRbbYZo="},"senderSigningKey":{"public":"BRZQpSGpq0KyPI1TvjAcFa5lwpCNaHLP7PiA61OzbS07"}}]