[{"senderKeyId":1747853922,"senderChainKey":{"iteration":8,"seed":"8yoRHKETx/gkpHR8bffI2KPjVp7xbIOOCCnpGVNHqYU="},"senderSigningKey":{"public":"BSSlLSFbFxSHNtfCJYkHkC5sUXORM+7G4l8xgDe+prA7"},"senderMessageKeys":[]},{"senderKeyId":68513912,"senderChainKey":{"iteration":3,"seed":"ng7pZKAI5POj/hbp9l6ouZa9zWcVfn2L//y+WD6IoDs="},"senderSigningKey":{"public":"BdSUhWEuz26xLUi2RN5FSysalyPU07TlSYqIQ7o63aov"},"senderMessageKeys":[]},{"senderKeyId":269688033,"senderChainKey":{"iteration":13,"seed":"Y8CBmCPeJxVw4OEFWpgb9KuiSViIVgmYSlIDD48qvPU="},"senderSigningKey":{"public":"Ba/UK9W/udxKigbg7LwZis03Yghe3QmWAp1TcFkkEilj"},"senderMessageKeys":[]},{"senderKeyId":448816184,"senderChainKey":{"iteration":20,"seed":"eohySrP2X9ePSnC5lFrRtWZl3+Zk4pUuoKN8BGkX/wE="},"senderSigningKey":{"public":"BSAHp9xj+lPnvlMBTdJXQ/gDrQ3fFOt9lQeArU+r8C0p"},"senderMessageKeys":[]},{"senderKeyId":86093424,"senderChainKey":{"iteration":15,"seed":"RUt9tbIMbfnk/EcEkHOR0ggxP2Bw80Ma8GT6PLEEiGs="},"senderSigningKey":{"public":"BZdXzAKFFqVi3Imq4mKR0F5w4RdBQIm8kP0MpCib8ZIE"},"senderMessageKeys":[]}]