[{"senderKeyId":2123076262,"senderChainKey":{"iteration":92,"seed":"imJHDrsIGbKdeF/i7sOTFpaGbTOZypU6PsPFaTWpQD4="},"senderSigningKey":{"public":"BXSsayIq08Mpme5D/CU1awn3TU9eL1SAvcPhtAVP3r1j"},"senderMessageKeys":[]},{"senderKeyId":289258229,"senderChainKey":{"iteration":17,"seed":"QrQ/4Qtmtx54/+7CEHhL2V87Cmybgwt6zRCGpgg/X74="},"senderSigningKey":{"public":"BWmLkzetXng72qHIahX7gXeFhpd1ajdVwRKXPCV5K90U"},"senderMessageKeys":[{"iteration":4,"seed":"LBc4wZVmeCHs+3EPTav1F0PbMGJQM7WTLfe3UCyEFS4="}]},{"senderKeyId":1995673640,"senderChainKey":{"iteration":16,"seed":"Z2W/Zke/LkjE63jyOjW6AJ7wT5xgGZXItIb9Up04/tU="},"senderSigningKey":{"public":"BQALDJ+TP7gwAGnyDj64vaDsTMBdjGSxpJFTJBT8Q6kw"}},{"senderKeyId":1995673640,"senderChainKey":{"iteration":11,"seed":"CsvqEhGvD7lrfFkotdlEg0BaCgbIXQAbCLqm6uPk7UQ="},"senderSigningKey":{"public":"BQALDJ+TP7gwAGnyDj64vaDsTMBdjGSxpJFTJBT8Q6kw"}}]