[{"senderKeyId":16101024,"senderChainKey":{"iteration":10,"seed":"9GWlhtTvL0m2U2r2SJ80dnx0wkSqZzsNj9+epAWa2Sg="},"senderSigningKey":{"public":"BTjA8Bdzq8KBSBYC4k9o7s/P1AIHoGxHq2ZX5WOGpEYz"},"senderMessageKeys":[]},{"senderKeyId":920514532,"senderChainKey":{"iteration":26,"seed":"qmHme2A7+gOTpRQMn3vcGOD65SAaokMyAyPg/ZxUsHA="},"senderSigningKey":{"public":"BYKNgXYOY6+vXnGpl9AOLJ7H9P4axG5mjOKHBB2iqAgu"},"senderMessageKeys":[]},{"senderKeyId":920514532,"senderChainKey":{"iteration":23,"seed":"JkkW8FmVkXWp0zYAIevtf//nUGjifkRrQHiRpePCT1g="},"senderSigningKey":{"public":"BYKNgXYOY6+vXnGpl9AOLJ7H9P4axG5mjOKHBB2iqAgu"}}]