[{"senderKeyId":1134589112,"senderChainKey":{"iteration":1,"seed":"4dQLrkDXAznyaI/hmHBQQ9fXuzHBLLi1QCMxUV5eft4="},"senderSigningKey":{"public":"BfJ8Umi1k0mOM+Le2l6zAmVo0IwExngsss9R2VIlyFcV"}},{"senderKeyId":529333444,"senderChainKey":{"iteration":7,"seed":"BkFJzQkMPVZ8lpo+iPx/YVWJyJhE+eJ7tEwRpkl16vw="},"senderSigningKey":{"public":"BSa6k+WwmFsOcc+csEj7oUwnQDf7qibYTP8YxSQ+lWUD"}},{"senderKeyId":1002669497,"senderChainKey":{"iteration":10,"seed":"EMaKcGKTrfhC3X6bqeORYxZtThwDQDkd/W0QoKzoFH4="},"senderSigningKey":{"public":"Bfo0Iyltv3CCYXO5cbUHBjQnotC0XlLm0odx3uKOcGNE"}},{"senderKeyId":739380350,"senderChainKey":{"iteration":7,"seed":"v8SaR8bYPcmJ8k1gt4Jhqd6xGUqG35eZZGHxjiTfpDk="},"senderSigningKey":{"public":"BY3Qh2cZMHtJ36wZxl5ry/SG53lHzbDNGDOXjeb3luJ6"}}]