[{"senderKeyId":354510283,"senderChainKey":{"iteration":5733,"seed":"aFGY94XgReBe3j/xJ6lpAZzh7Hg5peBvvLPonG+3N/o="},"senderSigningKey":{"public":"BQ7GUyYvk5OgjCYlpdabuTV9ct90ygSIZZnQs1if3L1P"},"senderMessageKeys":[{"iteration":5669,"seed":"h6KTEy6YOPCJLVOHW+wsaZKfNO9ZpxPh857T8lRGuzI="},{"iteration":5671,"seed":"HHGPvfGhLFK8HtGlpSF5Z9UJ0Sm2o3KEFaohA51cPH4="},{"iteration":5673,"seed":"BezqRCSDoKcjXEV0BA5a8xD+zHnkizSyCp/gd6wb6XQ="},{"iteration":5675,"seed":"460mPNdK1LWGVjvqdXl5+o5Z9ZPGAJV1NyWKU7U7hmM="},{"iteration":5677,"seed":"254cs/QR0MnKvjtOQy4aK2g8zdMdQ4DdvTWWZVsKSBs="},{"iteration":5679,"seed":"NxBqZDkjuMRA7618DGz1EEu7Zsxo7A9gDKKZ+mVFsuo="},{"iteration":5681,"seed":"18EMsngtIU/t/BSRL87IU01f5AFLdF4wCqnEmCrUlpA="},{"iteration":5683,"seed":"f0DElRxj3HUKDyeb8MB2hO/RcuExjRU3yFGRLnU5qyU="},{"iteration":5685,"seed":"fhV+D82LDb3r6OuNVcV7MRnj6QKv09vtUbIHc9CauZE="},{"iteration":5687,"seed":"AM5cmt/OjMAYcWqQU1diVAjQKG27CGlcLNyXlqfrjLs="},{"iteration":5689,"seed":"AhnCdU7OHVLOu4/B21AqfoLdYJkWcFfMzX8WqJu36NU="},{"iteration":5691,"seed":"eSM7p8nXJ4OEunL4gAXt2WtmSPAQrVYcuz4TGoWdj9w="},{"iteration":5693,"seed":"p9K3oxH+0jm1rITTra6LEdLukX/p7gEwDZiX0EgqB1w="},{},{},{},{},{},{},{},{},{},{},{},{},{},{},{},{},{},{},{}]},{"senderKeyId":354510283,"senderChainKey":{"iteration":5695,"seed":"dtyXF9Mu91uN+c/TWOdSJ3FQleQ3KFD/M76LXlUILCs="},"senderSigningKey":{"public":"BQ7GUyYvk5OgjCYlpdabuTV9ct90ygSIZZnQs1if3L1P"}}]