[{"senderKeyId":1507767809,"senderChainKey":{"iteration":6,"seed":"jURd7jRkwBvE8jpMmXByP7Rq61yR1q62eLWiFEStRF0="},"senderSigningKey":{"public":"BavLN/1i/0J5JvvhlU9VIGgf1xI6NGrYk9Lz4U6lV0MI"},"senderMessageKeys":[]},{"senderKeyId":697281647,"senderChainKey":{"iteration":22,"seed":"vTmE74s+yD88EvDtzEdlb53t+tfBiONfdD6OfZHE2ak="},"senderSigningKey":{"public":"BbN9Gs/u16dYLF7K0s02I8F/bg0NHdislD234AP9asMV"},"senderMessageKeys":[]},{"senderKeyId":697281647,"senderChainKey":{"iteration":13,"seed":"Idmc16wjHT7a8HGg59cHHx9JEzhtMYKW6FuMcpeXxDo="},"senderSigningKey":{"public":"BbN9Gs/u16dYLF7K0s02I8F/bg0NHdislD234AP9asMV"},"senderMessageKeys":[]},{"senderKeyId":257464510,"senderChainKey":{"iteration":1,"seed":"SSF2zV1kRg/VWKKyHA1hcpv3H01ukF1KXHOKx1zxeSQ="},"senderSigningKey":{"public":"BfnN5l95PKNZOTdrnG4FjUv4uRmHf+t6yYMpo8BMzOwb"}}]