[{"senderKeyId":952371142,"senderChainKey":{"iteration":26,"seed":"RL8nxfiqeHQuX2zoJJAMqS72uzkzzvQuUaHp7gYlGlI="},"senderSigningKey":{"public":"BTah5XFwhmJ1b2/Iprs8Fvd3tFoKFrcyux3eZbn8Mhpn"},"senderMessageKeys":[]},{"senderKeyId":35953886,"senderChainKey":{"iteration":7,"seed":"m5vZ7gx5TABqrrqtTihSlasPmb1edTwbjxsuAk21gA4="},"senderSigningKey":{"public":"Bbhdg1CGcP/Ajn4oHj2tZsfIRZq0jl3HEdkS+DC05rt8"}},{"senderKeyId":373835398,"senderChainKey":{"iteration":5,"seed":"qRbzGYRdT4QQuHLbHaPdT1Agh7W5xU33o6mMgZVzLI8="},"senderSigningKey":{"public":"BaqyNL8mhA6L92E2Ir5x708Ej+mZD8bN6jwnq0LTq8BL"}},{"senderKeyId":287392219,"senderChainKey":{"iteration":4,"seed":"sNBbLJY/aiQdBAfKATVZi6JojrjikuGOwgCS0AEQEsI="},"senderSigningKey":{"public":"BYOZPCqhCL5aO+Py/3Zxubl9dU9z9qQpyKkwlyT23KMv"}}]