[{"senderKeyId":1785564536,"senderChainKey":{"iteration":44,"seed":"6Wjq0AJJctwjEPJHc00xx0V7J7U252sZe+L1uHUfV6U="},"senderSigningKey":{"public":"BRQmWkhzh378WBfWv9hUyi+qJHohNwPqkgAMKPRpARkp"},"senderMessageKeys":[]},{"senderKeyId":1023704736,"senderChainKey":{"iteration":5,"seed":"oNIIcurFZD8aE2nelzojg8yid7Ubk2isBLE/frVvkhc="},"senderSigningKey":{"public":"BQgrDiflT5ZFd8Osuo3AkeRFCTN356QU18ql2keHhtc9"}},{"senderKeyId":1328143885,"senderChainKey":{"iteration":2,"seed":"HzsqVPWHlU70KcN66JQY8tPpI6yViBOEBATriSQJqtc="},"senderSigningKey":{"public":"BSs7Gf6F+89Ob1DOr9X+zjEbGHv/Tejk4FIao5IhPn89"}},{"senderKeyId":1044927028,"senderChainKey":{"iteration":8,"seed":"HBFRB+Pt3YPcL7h0IGAVC8XzBZrIxutTzVY+U1VfAkI="},"senderSigningKey":{"public":"BTPQFxXqmVnoFPaZqFXEPT5olQZO0wjfAR0gw1LZAn9d"}}]