[{"senderKeyId":721939498,"senderChainKey":{"iteration":1,"seed":"JPsim7cwcGdAMMGHD4OmscmAeX8M6XB2PlnIQ1/u8bg="},"senderSigningKey":{"public":"BdBO9hBvWrtPgK206s+j+S28Um7X22Ntl4A0/AVys88p"}},{"senderKeyId":1781140536,"senderChainKey":{"iteration":3,"seed":"pjLO1skmDYJs7DrILJTIMUXhch1owSWabLIh8Xrpi8M="},"senderSigningKey":{"public":"BZZn6xYZ8wD7s13wtCImN8mAeWI+KS+KJ4zG/YbBkhBB"}},{"senderKeyId":1609617631,"senderChainKey":{"iteration":1,"seed":"i0HmWUU7k/kIvlLphwKHFxfgBWIkzY4GdgZXUAftR+Q="},"senderSigningKey":{"public":"BRl3EcE/ngCxEmEdvmPb46m9E+DiYcJLB8iDbUUfGqAe"}}]