[{"senderKeyId":1698715172,"senderChainKey":{"iteration":17,"seed":"WFRXoa0Espx54IBNssET23MQZAiz9wl6qwMSpUc45AU="},"senderSigningKey":{"public":"BeU35cC8hzeMzwijU+s1so7yOyyY5iZLPwT+X9yeUs8L"},"senderMessageKeys":[]},{"senderKeyId":1698715172,"senderChainKey":{"iteration":14,"seed":"LeTDbb2HiymGOX4MX50j7c7nWdIqwkXxdQZZaehULxM="},"senderSigningKey":{"public":"BeU35cC8hzeMzwijU+s1so7yOyyY5iZLPwT+X9yeUs8L"},"senderMessageKeys":[]},{"senderKeyId":1698715172,"senderChainKey":{"iteration":14,"seed":"LeTDbb2HiymGOX4MX50j7c7nWdIqwkXxdQZZaehULxM="},"senderSigningKey":{"public":"BeU35cC8hzeMzwijU+s1so7yOyyY5iZLPwT+X9yeUs8L"},"senderMessageKeys":[]},{"senderKeyId":1698715172,"senderChainKey":{"iteration":14,"seed":"LeTDbb2HiymGOX4MX50j7c7nWdIqwkXxdQZZaehULxM="},"senderSigningKey":{"public":"BeU35cC8hzeMzwijU+s1so7yOyyY5iZLPwT+X9yeUs8L"},"senderMessageKeys":[]},{"senderKeyId":1698715172,"senderChainKey":{"iteration":14,"seed":"LeTDbb2HiymGOX4MX50j7c7nWdIqwkXxdQZZaehULxM="},"senderSigningKey":{"public":"BeU35cC8hzeMzwijU+s1so7yOyyY5iZLPwT+X9yeUs8L"},"senderMessageKeys":[]}]