[{"senderKeyId":1384022108,"senderChainKey":{"iteration":92,"seed":"vfYRosQxUDrGUeqgY7XFI8MR66SDxc4C3k0Os4/xUKg="},"senderSigningKey":{"public":"BUxZwDjVn13OAYc3xCjIOtAHoblSmpX+W+chGr5k6/50"},"senderMessageKeys":[]},{"senderKeyId":403722285,"senderChainKey":{"iteration":7,"seed":"pAohS5t/y8vVQMRB+tjN82D0zksJwDR2z/4XnVUPfXU="},"senderSigningKey":{"public":"BUsBxb95mRrn0VtR1qrnjTFrBcYGhryxaO5BkksdlnES"}},{"senderKeyId":1369682761,"senderChainKey":{"iteration":1,"seed":"JnNOZ6Tb10TFEXpDtKQ3ui2EnP6uRLd+5SgOEcE+rlo="},"senderSigningKey":{"public":"BbO2WdG+6AhX73/HV1b4wlgj+HeffqoxSAJHteVKpSMR"}}]