{"_sessions":{"BZVb0xtCx416rY5ZIA8TbiEf93DKOEvQZq+mlEhJhNJD":{"registrationId":798502926,"currentRatchet":{"ephemeralKeyPair":{"pubKey":"Ba60YPl16UZ77du2uofMaNyancfDC+ve23n25uTpmfdu","privKey":"CM5Fjq1GQ/uBDFc7fFJcBeWMIcQgVTPcCviF2YVpUnI="},"lastRemoteEphemeralKey":"Be+6YihvR2ZlJUlaL+J70EgE3fAtxzYsM9TpMS1B75Ze","previousCounter":0,"rootKey":"xN/Dj7VXgZIEPkC/42m3xJDtUe1ChDQoSUlRXk2D2TU="},"indexInfo":{"baseKey":"BZVb0xtCx416rY5ZIA8TbiEf93DKOEvQZq+mlEhJhNJD","baseKeyType":1,"closed":-1,"used":1753549481979,"created":1753549481979,"remoteIdentityKey":"BTgw1pKFa1+3R/78E4mz0aPeQuc8iZanBS9jDzw2SSMH"},"_chains":{"Ba60YPl16UZ77du2uofMaNyancfDC+ve23n25uTpmfdu":{"chainKey":{"counter":0,"key":"UkXk6FqU+0jBmCXRfYwMmV/J6TYiwJ2L22P2CeAMPoA="},"chainType":1,"messageKeys":{}}},"pendingPreKey":{"signedKeyId":1,"baseKey":"BZVb0xtCx416rY5ZIA8TbiEf93DKOEvQZq+mlEhJhNJD","preKeyId":13321288}}},"version":"v1"}