{"_sessions":{"BQXhhBlVYFLr9c6FZYH5aLI2hfSf5Kajdyt3L0WqRro7":{"registrationId":1306847754,"currentRatchet":{"ephemeralKeyPair":{"pubKey":"BbNw8oqzNM+8I3wqstInMY1tiQFYXJg+czJ96isBwbcH","privKey":"MKFZ2/Ysd3n1ttBiK2ICjF5uB1UDXuFjiBWAHmQOLlg="},"lastRemoteEphemeralKey":"BQwz2dFsSWjDKKLgADgO9JX0XEKSJN7IDoPvX/gdUI0d","previousCounter":0,"rootKey":"CGryrQJbNFW7bTYDrLvXzL9HVF9SvGwmetSYY+lWj50="},"indexInfo":{"baseKey":"BQXhhBlVYFLr9c6FZYH5aLI2hfSf5Kajdyt3L0WqRro7","baseKeyType":1,"closed":-1,"used":1753549481823,"created":1753549481823,"remoteIdentityKey":"BZ/Rq0+avOb9q7NnTaShlSw3dahRlA2WlPfb5ClAa9U3"},"_chains":{"BbNw8oqzNM+8I3wqstInMY1tiQFYXJg+czJ96isBwbcH":{"chainKey":{"counter":0,"key":"IakWHolLa83Gni64m+SNFRRXHHXRfRym0ry9jScW7G0="},"chainType":1,"messageKeys":{}}},"pendingPreKey":{"signedKeyId":4810217,"baseKey":"BQXhhBlVYFLr9c6FZYH5aLI2hfSf5Kajdyt3L0WqRro7","preKeyId":2161}}},"version":"v1"}