{"_sessions":{"BTeaxUSU5YbMSwuwqm780DhsGnLE3oMCDblggt3L9050":{"registrationId":852627539,"currentRatchet":{"ephemeralKeyPair":{"pubKey":"BY0skLgxdto6W6s0tCwafUDdYPHTM2Ds8upYNe6/YhZZ","privKey":"KJnJkAru3SqznQxoeNfb9V/nrqNJAu0folO84OEi9U4="},"lastRemoteEphemeralKey":"Be2P0GObGluMyNwRGVh0mPVYXIjbKQiiSLfIrkaf53Y5","previousCounter":0,"rootKey":"3tGmur8hQ2Dg4+T3dXVuQtfe71xf3WvWDr3FMa7LSyY="},"indexInfo":{"baseKey":"BTeaxUSU5YbMSwuwqm780DhsGnLE3oMCDblggt3L9050","baseKeyType":1,"closed":-1,"used":1753549481804,"created":1753549481804,"remoteIdentityKey":"BZXB5aba2evMzKHZF/Kys9x1rY/mfOIRuUCytAPu9BYQ"},"_chains":{"BY0skLgxdto6W6s0tCwafUDdYPHTM2Ds8upYNe6/YhZZ":{"chainKey":{"counter":0,"key":"hTXb86rnnCeIe7NSkE7/ic90tYO484NFrAqLZMv4Sm4="},"chainType":1,"messageKeys":{}}},"pendingPreKey":{"signedKeyId":9,"baseKey":"BTeaxUSU5YbMSwuwqm780DhsGnLE3oMCDblggt3L9050","preKeyId":5500024}}},"version":"v1"}