{"_sessions":{"BY81voAB4kOjTLl9tLrUw1cwfN3F0JNFMMJSSlIbTztX":{"registrationId":2037885799,"currentRatchet":{"ephemeralKeyPair":{"pubKey":"BYNVl7bb3gmGpJqQMZxW3Fk1PdofDDBRMnjf+P/cTDFD","privKey":"IE5Pe1rnAnw66i5cp7Dnx2E0lMpkI7eXddkIm8L4N1c="},"lastRemoteEphemeralKey":"BYzIqB88T9tykhdlWGbLHnjLOoShwCVaWgy5F5QesTIE","previousCounter":0,"rootKey":"4k8Ct0DencwaryAaKNQ9Qtd07xMCA23yPbSelcJV5FQ="},"indexInfo":{"baseKey":"BY81voAB4kOjTLl9tLrUw1cwfN3F0JNFMMJSSlIbTztX","baseKeyType":1,"closed":-1,"used":1753549481917,"created":1753549481917,"remoteIdentityKey":"BayfoDWMWaN3AEOsR5w7W8DJRz8wS6nNAbId9NZxid8n"},"_chains":{"BYNVl7bb3gmGpJqQMZxW3Fk1PdofDDBRMnjf+P/cTDFD":{"chainKey":{"counter":0,"key":"RLwlY0oK4ZJ2jigXr+oPvoS730BjqeDps9l8jKWdOCY="},"chainType":1,"messageKeys":{}}},"pendingPreKey":{"signedKeyId":13,"baseKey":"BY81voAB4kOjTLl9tLrUw1cwfN3F0JNFMMJSSlIbTztX","preKeyId":1372832}}},"version":"v1"}