{"_sessions":{"BTtK2OZ9cx4JJXyCC4C1w7PdJ4mVKHV0Eve4GH1rzPxg":{"registrationId":1726289353,"currentRatchet":{"ephemeralKeyPair":{"pubKey":"BR9slUFr/BBnR7g+UgtAzKB5ZMw/6Dxz5wDhc7sYgR5U","privKey":"SHXw6L1IbMYg23iItRzI6rl3mRujDzJ7v3eHDxS83GM="},"lastRemoteEphemeralKey":"BbJWSzg8uG03wM/w33RFJ2LzBnAEoF7LiOFEEg326KIx","previousCounter":0,"rootKey":"WZXZIhvSWufpljZAj7wtL7LUqujKhg3Y6b59JOjQQPM="},"indexInfo":{"baseKey":"BTtK2OZ9cx4JJXyCC4C1w7PdJ4mVKHV0Eve4GH1rzPxg","baseKeyType":2,"closed":-1,"used":1753455871675,"created":1753455871675,"remoteIdentityKey":"BUIAXGoDBAyXOocpceguqm6ALWALTb/qhtHRXGwMNfAz"},"_chains":{"BbJWSzg8uG03wM/w33RFJ2LzBnAEoF7LiOFEEg326KIx":{"chainKey":{"counter":0,"key":"B+A1sNPI32+CDCupjAk6R4Tei3KcByldgBNXqTRY/L0="},"chainType":2,"messageKeys":{}},"BR9slUFr/BBnR7g+UgtAzKB5ZMw/6Dxz5wDhc7sYgR5U":{"chainKey":{"counter":-1,"key":"9n1GgX/jTi6O3ROLhCeWRoevxk2L2nVIjKyTm+Fi1ko="},"chainType":1,"messageKeys":{}}}}},"version":"v1"}