{"_sessions":{"BaF7wu2mx23RBmyc9sjBGIW7ZhThazQSCxbF4TdEETgu":{"registrationId":1086244549,"currentRatchet":{"ephemeralKeyPair":{"pubKey":"BfuAKwzV9V9XacnIX17sfcId+MtMwljun1vJO8oFFn0W","privKey":"QLN0aePuSiiIzMiRgLaDwzkNlEDMaydNYDJ116c2rUA="},"lastRemoteEphemeralKey":"BRu7UYCAA2DILaLKKL+vUJB+5vb8ayePmQDhYprpeqoQ","previousCounter":0,"rootKey":"Ogv5JHSvEjM/nybmrshlv+j8Q0UtxnHzUmz5/OTLXAY="},"indexInfo":{"baseKey":"BaF7wu2mx23RBmyc9sjBGIW7ZhThazQSCxbF4TdEETgu","baseKeyType":1,"closed":-1,"used":1753549481852,"created":1753549481852,"remoteIdentityKey":"BZ02yEyM+eKDBUV7mP+Iw11AmHq6bGKss3WiLxa53VMH"},"_chains":{"BfuAKwzV9V9XacnIX17sfcId+MtMwljun1vJO8oFFn0W":{"chainKey":{"counter":0,"key":"O+PkwF8iG+ppPtc+Avnw74K+0cjZucOVZNBWtdtPvVM="},"chainType":1,"messageKeys":{}}},"pendingPreKey":{"signedKeyId":7,"baseKey":"BaF7wu2mx23RBmyc9sjBGIW7ZhThazQSCxbF4TdEETgu"}}},"version":"v1"}