{"_sessions":{"BYC0T8tG1HrzEiji7dSMtvc3ULvw4B/2f0mgSHjpmIdP":{"registrationId":1106031066,"currentRatchet":{"ephemeralKeyPair":{"pubKey":"Bb9vDUNJp+v5UtRMw6KeOKogi0oR80DdeJtYPre8OUEF","privKey":"yOvao+Fsq8GKelOj8G31JSZoozw9crRfKiRKfKzWT2s="},"lastRemoteEphemeralKey":"BVZljDuboBRpdk9rwrAEaGY9V+Dg/tvXlVuL43XkuMIy","previousCounter":2,"rootKey":"odnBXuxQXQgVaZ927gdy2wPTic7OfX7rHhnDluOShoA="},"indexInfo":{"baseKey":"BYC0T8tG1HrzEiji7dSMtvc3ULvw4B/2f0mgSHjpmIdP","baseKeyType":2,"closed":-1,"used":1753636622593,"created":1753464222624,"remoteIdentityKey":"BSpIC746AOl0Qes95ikY6coTi3DHp+E7dfZvo4gcvPwL"},"_chains":{"BQfOt01tKUO7uXIe/Q+Kvxs4NXDUQSqK7GyOYE6Kka8d":{"chainKey":{"counter":0},"chainType":2,"messageKeys":{}},"BVZljDuboBRpdk9rwrAEaGY9V+Dg/tvXlVuL43XkuMIy":{"chainKey":{"counter":12,"key":"7Yc8g+uIWB5u85j+WutFJKY5wcUSGHKwmQw1UxckYMk="},"chainType":2,"messageKeys":{}},"Bb9vDUNJp+v5UtRMw6KeOKogi0oR80DdeJtYPre8OUEF":{"chainKey":{"counter":-1,"key":"Tbmzq0zVsRApqcx4IEDSI9RfR7uiF3Gqp6LtaAuGBgc="},"chainType":1,"messageKeys":{}}}}},"version":"v1"}