{"_sessions":{"BXUCYdBMl7gpzmlHhRSEBI6kPLubq5YudOySS+B/ZPB+":{"registrationId":289903534,"currentRatchet":{"ephemeralKeyPair":{"pubKey":"BcxpgRUtmuHCgWcu9y/cd2BQRBw5JxKg/SftBs1GlKtn","privKey":"AGGgAXAeFCu3UBcy1ZcekxexyK1eGHF3hKr5CEyQC04="},"lastRemoteEphemeralKey":"BZrzTQ4dqIZaQn7hLHd6Nw3mhRVzRSX6GDf5LMRp4T8a","previousCounter":0,"rootKey":"0xqQq2SrOxvu6U8JzW11g3xK2sEF63L5/JP3mGHlOSs="},"indexInfo":{"baseKey":"BXUCYdBMl7gpzmlHhRSEBI6kPLubq5YudOySS+B/ZPB+","baseKeyType":1,"closed":-1,"used":1753549481898,"created":1753549481898,"remoteIdentityKey":"BbmnI68imS6Np+0lIh4SDeP5RgwBz1UmqqsmUmNiq58V"},"_chains":{"BcxpgRUtmuHCgWcu9y/cd2BQRBw5JxKg/SftBs1GlKtn":{"chainKey":{"counter":0,"key":"6OrHCBJLzOCPtpXKBnT/L0q07WkpznvavVhmZOW9vZI="},"chainType":1,"messageKeys":{}}},"pendingPreKey":{"signedKeyId":7,"baseKey":"BXUCYdBMl7gpzmlHhRSEBI6kPLubq5YudOySS+B/ZPB+","preKeyId":14803241}}},"version":"v1"}