{"_sessions":{"Be1T7+doInjL1PH3ybMs2kukJ3YRIOVVhUJgiViD8EcB":{"registrationId":1601055319,"currentRatchet":{"ephemeralKeyPair":{"pubKey":"BUggY7i9HXpfr09NIGx1NOTs4R8hymF1z3hA08ur2+Ug","privKey":"WDOcuIYYE7xSAZzDS9csIEQqvQA7zdHP7rBsjEy9GWg="},"lastRemoteEphemeralKey":"BadVpMXvCk7t1lE8OG6p/tXRToRK1xj1SIlKRNnOp7VU","previousCounter":0,"rootKey":"2P9PkUbPMOr82HhuE4TUiLR008XfFctTBFYxfB489mc="},"indexInfo":{"baseKey":"Be1T7+doInjL1PH3ybMs2kukJ3YRIOVVhUJgiViD8EcB","baseKeyType":2,"closed":-1,"used":1753455847614,"created":1753455847614,"remoteIdentityKey":"Be0G47XjVtgeKiW4xEfARqb5VMMoul3H5UWOCH6q+SNu"},"_chains":{"BadVpMXvCk7t1lE8OG6p/tXRToRK1xj1SIlKRNnOp7VU":{"chainKey":{"counter":3,"key":"AZo1o8x65M2d6uzn7c+S6yhGfyuaRaTSjobdNOCOMeU="},"chainType":2,"messageKeys":{}},"BUggY7i9HXpfr09NIGx1NOTs4R8hymF1z3hA08ur2+Ug":{"chainKey":{"counter":-1,"key":"yMfEBNWzL/bFPn7UBUp2ttqwMGc2c/rG/ks4Pco9ymY="},"chainType":1,"messageKeys":{}}}}},"version":"v1"}