{"_sessions":{"BdH/hRuOl5l0jPyujaIVi3bkfMdTa6Hhc7rgY7LfhdcH":{"registrationId":12084,"currentRatchet":{"ephemeralKeyPair":{"pubKey":"BXMWv0dwGnVOlG3ZDYSt4hPrI92WyEQ96kCmFvDMl9hM","privKey":"YH+0tIM92pg74/DqFjfykOcMAFy0IV0I/lMn7Mfy7HM="},"lastRemoteEphemeralKey":"Bca5dC8t3vgDYWvVjoFd/BlyaV2IExCPhxFwxFozR51n","previousCounter":0,"rootKey":"HW2kyKKKWUKsWMJD3nSGbpUpiNl8ynDUNqbHN8xOANI="},"indexInfo":{"baseKey":"BdH/hRuOl5l0jPyujaIVi3bkfMdTa6Hhc7rgY7LfhdcH","baseKeyType":1,"closed":-1,"used":1753549482465,"created":1753549482465,"remoteIdentityKey":"BTkQJLX+3NsvcokOSTlV7daNibK03XIsERdgJYQc5mQq"},"_chains":{"BXMWv0dwGnVOlG3ZDYSt4hPrI92WyEQ96kCmFvDMl9hM":{"chainKey":{"counter":0,"key":"7KL9rpl3KIqeDjzbC3Bt0NVe8VtkiV9AWxh493m6QNw="},"chainType":1,"messageKeys":{}}},"pendingPreKey":{"signedKeyId":1,"baseKey":"BdH/hRuOl5l0jPyujaIVi3bkfMdTa6Hhc7rgY7LfhdcH"}}},"version":"v1"}