{"_sessions":{"BeKusp6c+D7Ea5aCIWoflUcsZaVEXy6wFI1xBbNUjzEf":{"registrationId":1394238030,"currentRatchet":{"ephemeralKeyPair":{"pubKey":"BcqHKn1TdvNVB/hBckvgpqW+Ygw2YtZC7qnJC/VvGnRH","privKey":"aJCbh1mpUAgYhGH+XvVIWXVd2zFw2wzn5XqsQF9xrV4="},"lastRemoteEphemeralKey":"BU9E1BLeX73FN/9vhPRiEtsmjQA9ZxQ52e2PXKOgEM8O","previousCounter":0,"rootKey":"v/vOV5+WVPQLGiZdK8Ydg1TlLo6LuvpI3elVt9o1CY8="},"indexInfo":{"baseKey":"BeKusp6c+D7Ea5aCIWoflUcsZaVEXy6wFI1xBbNUjzEf","baseKeyType":2,"closed":-1,"used":1753455859042,"created":1753455859042,"remoteIdentityKey":"BT+Gjf3Na/RH95i+ni+dnMP+vA+T1zAYKTJwXkVrdqMQ"},"_chains":{"BU9E1BLeX73FN/9vhPRiEtsmjQA9ZxQ52e2PXKOgEM8O":{"chainKey":{"counter":3,"key":"X0tDtbMyKQwGb7qn00LG7bjbkEATe5/MRFxUEzsGLYo="},"chainType":2,"messageKeys":{}},"BcqHKn1TdvNVB/hBckvgpqW+Ygw2YtZC7qnJC/VvGnRH":{"chainKey":{"counter":-1,"key":"trS7rYqTKafmq0A+yZ8vvtelpqvq66+Bpg4NXh0bNLw="},"chainType":1,"messageKeys":{}}}}},"version":"v1"}