{"_sessions":{"BSQDpnZzB9f8lf8me2vxEXzwhNQq/b9GUeUDuHcJOHgJ":{"registrationId":620297384,"currentRatchet":{"ephemeralKeyPair":{"pubKey":"BYqoEr8aSzymgnIdZ4OR4dSD06OJZUacjClFIoibjIUm","privKey":"WFPVawG18r7in+syKpd6bNOGpI6OyZ8qeXxjXFXKXng="},"lastRemoteEphemeralKey":"BXyDUYKfqFoYRawCTC8aRSz0oJ+JvI7ETKiQjlJrG8h5","previousCounter":0,"rootKey":"OiPjOvaMTNfNh1J35wiFJS+ahSlJnYoyyyLebZiDod0="},"indexInfo":{"baseKey":"BSQDpnZzB9f8lf8me2vxEXzwhNQq/b9GUeUDuHcJOHgJ","baseKeyType":1,"closed":-1,"used":1753549482485,"created":1753549482485,"remoteIdentityKey":"BR+Gmv7R0T13PKL3orK49Q0OMMV6r9UYay+0VMPbMcRV"},"_chains":{"BYqoEr8aSzymgnIdZ4OR4dSD06OJZUacjClFIoibjIUm":{"chainKey":{"counter":0,"key":"ERETLboTw9eE0O4zrOjPUV2JlFU0WhyMDFwJUx2VMDs="},"chainType":1,"messageKeys":{}}},"pendingPreKey":{"signedKeyId":2,"baseKey":"BSQDpnZzB9f8lf8me2vxEXzwhNQq/b9GUeUDuHcJOHgJ","preKeyId":1155}}},"version":"v1"}