{"_sessions":{"BUClmWDa2Y0MmzLMOHAFJfWfkMxPJ4pwl/fZOz7VjN08":{"registrationId":1745067271,"currentRatchet":{"ephemeralKeyPair":{"pubKey":"BSw4fLq89Z4BgayvgwLGaJ0fWqvqxl4in1+GN/wBTBtF","privKey":"kFC3YrEiHmP3scOK6O/8iDOqrTqfqxiZXgvTayKW5kU="},"lastRemoteEphemeralKey":"BQud2Xhsfx/1MLX/p4h4g+jMACmka6GSS0prlZM6kjhB","previousCounter":0,"rootKey":"CXLOCxLZQi0vAjmd0Ys/zlQwP2UB/BnLesy/gm5O0gA="},"indexInfo":{"baseKey":"BUClmWDa2Y0MmzLMOHAFJfWfkMxPJ4pwl/fZOz7VjN08","baseKeyType":2,"closed":-1,"used":1753456658023,"created":1753456658023,"remoteIdentityKey":"BXKcd7s+Rfqg4j5dp6ofQZXAuKUWltDxzs6RSXuZAqoU"},"_chains":{"BQud2Xhsfx/1MLX/p4h4g+jMACmka6GSS0prlZM6kjhB":{"chainKey":{"counter":1,"key":"IX4LYJ3MwBXg+OvqzAAJiVDbuyEvmLNg9mPEZNw+ZZY="},"chainType":2,"messageKeys":{}},"BSw4fLq89Z4BgayvgwLGaJ0fWqvqxl4in1+GN/wBTBtF":{"chainKey":{"counter":-1,"key":"zw9heLpIn0g1aBpN7rnhkzfvSU2YDbKCf3cXr2VYP38="},"chainType":1,"messageKeys":{}}}}},"version":"v1"}