{"_sessions":{"BeXK5m1drOvExsK2cdxaJRvBOekRFsWds/QUQY07ahEh":{"registrationId":1555452258,"currentRatchet":{"ephemeralKeyPair":{"pubKey":"BUB25X2eAiEb+eK3GkGZ/AEuu26cmdkwsodSatMlSGlO","privKey":"iFW6VFi33XrXOQVPN47shhqWYV48Gh1O6T3jwm8ciW4="},"lastRemoteEphemeralKey":"BWewE8GcFwI4MMm5fDXL1C8Inck47TVTM7sf04QA6GUi","previousCounter":0,"rootKey":"/sfJXJ1HZ8R9IDIAuUHJ+I/t9Z/GPeqvHSk7u2qXICY="},"indexInfo":{"baseKey":"BeXK5m1drOvExsK2cdxaJRvBOekRFsWds/QUQY07ahEh","baseKeyType":1,"closed":-1,"used":1753549481815,"created":1753549481815,"remoteIdentityKey":"BV4/P3+fo0rkwSjl9+kIx7523BX4lh5ZL3K47tRwbOsS"},"_chains":{"BUB25X2eAiEb+eK3GkGZ/AEuu26cmdkwsodSatMlSGlO":{"chainKey":{"counter":0,"key":"bWHwF3AilFDwrO4PUZq3tJkYXc4agbi8TyRjzYrDqvs="},"chainType":1,"messageKeys":{}}},"pendingPreKey":{"signedKeyId":2,"baseKey":"BeXK5m1drOvExsK2cdxaJRvBOekRFsWds/QUQY07ahEh","preKeyId":2094102}}},"version":"v1"}