{"_sessions":{"BdAVILM4VL5QzqDosu3Eqfz2hBGWiGN1aB50tjgLYbBG":{"registrationId":29650227,"currentRatchet":{"ephemeralKeyPair":{"pubKey":"BYOU6ULUx9BO7gf+j/VaHw4yjYfNAaLgrk5fQwvbPDZR","privKey":"WN+SNOUNLXGnUuZGWPAb7E/jxUo73eXWkTlB513LQE0="},"lastRemoteEphemeralKey":"Baso4YzwgbhQQ+wIfQcaa7k6ciaBese3BXlyWQ0KR6hE","previousCounter":0,"rootKey":"+MGbghqIlUd76veeNfhNff5vi0nPj/nIgB7m4UUiV64="},"indexInfo":{"baseKey":"BdAVILM4VL5QzqDosu3Eqfz2hBGWiGN1aB50tjgLYbBG","baseKeyType":1,"closed":-1,"used":1753549481935,"created":1753549481935,"remoteIdentityKey":"BTC8P8Ex70Czl65IbpJH8NrqhLSmAvcfTOLdfz2Z8JY8"},"_chains":{"BYOU6ULUx9BO7gf+j/VaHw4yjYfNAaLgrk5fQwvbPDZR":{"chainKey":{"counter":0,"key":"H00ns2MWiVzXn6SIXQn24wQfj60stK5NCh01FayjRLs="},"chainType":1,"messageKeys":{}}},"pendingPreKey":{"signedKeyId":16696314,"baseKey":"BdAVILM4VL5QzqDosu3Eqfz2hBGWiGN1aB50tjgLYbBG","preKeyId":9127}}},"version":"v1"}