{"_sessions":{"BVmNnh7TFRrqw7Kgc0yodftr2tzggNqqw4aEYrDbEiBD":{"registrationId":1267809118,"currentRatchet":{"ephemeralKeyPair":{"pubKey":"BdaJD+j4VDHv1li5NsM0joKN+RebmYyrhCK3vIQrAUZW","privKey":"iNdVYyysugAwWcSTV56JNtuwp4xOnT9O1u8Ulxz2P30="},"lastRemoteEphemeralKey":"BSD0Oqoq+5XmVFUIHEWdX65Rzf7S3JokR5F6nR+hW4d+","previousCounter":0,"rootKey":"iJDmVlF32h0yl3OFe57f0S8DgmfOw5xiiqcV2gY5YG4="},"indexInfo":{"baseKey":"BVmNnh7TFRrqw7Kgc0yodftr2tzggNqqw4aEYrDbEiBD","baseKeyType":1,"closed":-1,"used":1753549481952,"created":1753549481952,"remoteIdentityKey":"BUFkLl9VLwBhhnzaxmUvSq6kAgpqSmw6BhV/KSFOTMtI"},"_chains":{"BdaJD+j4VDHv1li5NsM0joKN+RebmYyrhCK3vIQrAUZW":{"chainKey":{"counter":0,"key":"5Kd7I29O9MXrsl2T+yACEn2Sdxu8jn2v+qjJdeLrb2Y="},"chainType":1,"messageKeys":{}}},"pendingPreKey":{"signedKeyId":3,"baseKey":"BVmNnh7TFRrqw7Kgc0yodftr2tzggNqqw4aEYrDbEiBD","preKeyId":3458250}}},"version":"v1"}