{"_sessions":{"BTsEWtFhO8XbIm4JYurZXWUstKOkOFLdwivVfjiakMco":{"registrationId":613470022,"currentRatchet":{"ephemeralKeyPair":{"pubKey":"Ba7+RBChWQhU2AEdaEj4CqxJNbEnuAsJXJVIcKIqZL5Y","privKey":"oILBbLERqRA9VwuuWalYfKWPM8Y14LoSUvo/V4TmBFE="},"lastRemoteEphemeralKey":"BYOLdEfmW7CimRvVDMElHJcyFyWR3BCgUgi+woqUAJc+","previousCounter":0,"rootKey":"nJc20Cp1tgzV0Of5JS2/RnUglcJERqLj92MJ7AoUOnk="},"indexInfo":{"baseKey":"BTsEWtFhO8XbIm4JYurZXWUstKOkOFLdwivVfjiakMco","baseKeyType":1,"closed":-1,"used":1753549481765,"created":1753549481765,"remoteIdentityKey":"Beo1fUlM+5iKZt5R6XSQP+RxvnSiuKbGSD6pD0rC6Hcp"},"_chains":{"Ba7+RBChWQhU2AEdaEj4CqxJNbEnuAsJXJVIcKIqZL5Y":{"chainKey":{"counter":0,"key":"wUgASyawh42QOVVSPr99ssYathhjzCJCAnYTxF2f98U="},"chainType":1,"messageKeys":{}}},"pendingPreKey":{"signedKeyId":20,"baseKey":"BTsEWtFhO8XbIm4JYurZXWUstKOkOFLdwivVfjiakMco","preKeyId":6471337}}},"version":"v1"}