{"_sessions":{"BdVIr/bKOzW0Fg8WfUAQMK5aTfRAg3LW7yR4cwFIkdhP":{"registrationId":1312711577,"currentRatchet":{"ephemeralKeyPair":{"pubKey":"BXnyE9hO4rzphaggtASr+MmcoNtSOPcC5TF+Yr+U+kku","privKey":"8AXyYt/3YJHJqzuv42x112pWpXadjDUccBl6SmTj4V4="},"lastRemoteEphemeralKey":"BVZLcdeOq0ROLzDzIhiVhQwyFHjha4HWI7O2/V2FJMA0","previousCounter":0,"rootKey":"sJodyTFF/CyaGGVEsgqmlwW5I0uIbb1ABJHXhGTtblg="},"indexInfo":{"baseKey":"BdVIr/bKOzW0Fg8WfUAQMK5aTfRAg3LW7yR4cwFIkdhP","baseKeyType":1,"closed":-1,"used":1753549481860,"created":1753549481860,"remoteIdentityKey":"BSChsNH+VlnZbMuFcLpiyRGuYrJ/GVqVV635JCatV34f"},"_chains":{"BXnyE9hO4rzphaggtASr+MmcoNtSOPcC5TF+Yr+U+kku":{"chainKey":{"counter":0,"key":"2LNUah/RQ2n8q9DLLLyktrScy9B3qcnGPQ9HZetf4YY="},"chainType":1,"messageKeys":{}}},"pendingPreKey":{"signedKeyId":5,"baseKey":"BdVIr/bKOzW0Fg8WfUAQMK5aTfRAg3LW7yR4cwFIkdhP","preKeyId":3703110}}},"version":"v1"}