{"_sessions":{"BfnEEP4zei2j/AQaNPzPeaAgc5wAgPJvnRYqBSPvE/l8":{"registrationId":671663610,"currentRatchet":{"ephemeralKeyPair":{"pubKey":"BS5QoT1oFGBe2TNBwGLoQYuPId19h4Ve5LJL1IKOS0db","privKey":"sEnf/9xp3WXFGtwQ+8sFI1LzebJT2ntQMcsw1q0QHG0="},"lastRemoteEphemeralKey":"BQUm+/hVaSrkanN0IDjfTFTvFAMrIFzojE9iwr13P2QY","previousCounter":0,"rootKey":"QMo7qfo7LSmnGyCWCziqswWup0wuN1f50TC9/D4fi/w="},"indexInfo":{"baseKey":"BfnEEP4zei2j/AQaNPzPeaAgc5wAgPJvnRYqBSPvE/l8","baseKeyType":1,"closed":-1,"used":1753549481932,"created":1753549481932,"remoteIdentityKey":"BXyzArYt6Z07+QCf2sBnYt3VBYUq7Qk1Ml7i3/bRXuxJ"},"_chains":{"BS5QoT1oFGBe2TNBwGLoQYuPId19h4Ve5LJL1IKOS0db":{"chainKey":{"counter":0,"key":"MI9XIW4LYevLIr+XLe5HfHfyxwhdxOCVW3+GIqskQfk="},"chainType":1,"messageKeys":{}}},"pendingPreKey":{"signedKeyId":3466510,"baseKey":"BfnEEP4zei2j/AQaNPzPeaAgc5wAgPJvnRYqBSPvE/l8","preKeyId":5816}}},"version":"v1"}