{"_sessions":{"BXDaapYfFlwkv3xvZd4lH71Y35kqyrokNKfsMHBHMaRa":{"registrationId":172681540,"currentRatchet":{"ephemeralKeyPair":{"pubKey":"BWLfQO15Q8Hygx2FxEBF+1dXfwEh1x7FlhWUoWWUJ7o6","privKey":"KNQNbIJz5C9Xegzu0v55p2ZPHXUMoDgzm0p+MRa6Fn0="},"lastRemoteEphemeralKey":"BRWrvTz9AthgRk4XMdpTrfFJkv2ygxudA+mzCxbAg6hW","previousCounter":0,"rootKey":"Vgw2ZDUyAPW0fdfjSQ3Fsyk6YeXShWWZDcpxv33EjpU="},"indexInfo":{"baseKey":"BXDaapYfFlwkv3xvZd4lH71Y35kqyrokNKfsMHBHMaRa","baseKeyType":1,"closed":-1,"used":1753549481847,"created":1753549481847,"remoteIdentityKey":"BXH83wAPZhNTPv/W1kUrZA4z879tyP2XJkh9t68ID3E1"},"_chains":{"BWLfQO15Q8Hygx2FxEBF+1dXfwEh1x7FlhWUoWWUJ7o6":{"chainKey":{"counter":0,"key":"IUMlrk2kBuHH31zoom7ZYz/mkqWCCZKxKUzRhcjRMoM="},"chainType":1,"messageKeys":{}}},"pendingPreKey":{"signedKeyId":13,"baseKey":"BXDaapYfFlwkv3xvZd4lH71Y35kqyrokNKfsMHBHMaRa"}}},"version":"v1"}