{"_sessions":{"BXZRc72Q5mHvWXNBcHS5NVbeWOwzOpSVqSnP9fQGwGM3":{"registrationId":552195399,"currentRatchet":{"ephemeralKeyPair":{"pubKey":"BaM6TinfCprRlGh9FGM5TYmOoyfIkjmaLS8gsdg/3p1/","privKey":"WA/+buxSV/SPEGIwwmxcuLkrgYqxXeLKZb6mFIGvBFU="},"lastRemoteEphemeralKey":"BUw0km2CEPy/fxEnVWXUgo1g5gCKPdOQwr19zVjxIbcz","previousCounter":0,"rootKey":"1jBgNNH3ca7cm5oJtTqWfWXB9y6klPjnwFzxF5iblLU="},"indexInfo":{"baseKey":"BXZRc72Q5mHvWXNBcHS5NVbeWOwzOpSVqSnP9fQGwGM3","baseKeyType":1,"closed":-1,"used":1753549481921,"created":1753549481921,"remoteIdentityKey":"BeuedhD5ACef0cxzhplMnDZYvWNtjR8mjRqK4iX4Litl"},"_chains":{"BaM6TinfCprRlGh9FGM5TYmOoyfIkjmaLS8gsdg/3p1/":{"chainKey":{"counter":0,"key":"w1M5t9AwxNuggRIT31KGgsx+ZzX5F71/RHR94+nQdrA="},"chainType":1,"messageKeys":{}}},"pendingPreKey":{"signedKeyId":6,"baseKey":"BXZRc72Q5mHvWXNBcHS5NVbeWOwzOpSVqSnP9fQGwGM3","preKeyId":10097198}}},"version":"v1"}