{"_sessions":{"BVHp+5CRttklTdhaHrAhCBQvX9KefVtT5nOp7N7hH5ZQ":{"registrationId":1588516437,"currentRatchet":{"ephemeralKeyPair":{"pubKey":"BTOhOnD2YiewTu0HfJU76j9pi6Uwt5oC5VDQLRv5RH0B","privKey":"wF7YJUJWdo++Kw1beNAPB9hS6jNCqlBD5V4BXrCifXI="},"lastRemoteEphemeralKey":"BQvOTXn5cRsCwdyj+viLR0ZhZbgmsVuKOfrRkMe7ME8l","previousCounter":0,"rootKey":"dQED2Gz3pCFI/5wXJBtzeRwFUBdUJqjchMTqDXKsT7I="},"indexInfo":{"baseKey":"BVHp+5CRttklTdhaHrAhCBQvX9KefVtT5nOp7N7hH5ZQ","baseKeyType":1,"closed":-1,"used":1753549481812,"created":1753549481812,"remoteIdentityKey":"BZBR7SEbJ//dDX7upxQoQnCiZ9toT6xWlQayvjet9LAf"},"_chains":{"BTOhOnD2YiewTu0HfJU76j9pi6Uwt5oC5VDQLRv5RH0B":{"chainKey":{"counter":0,"key":"Bz09svSS2JZKDOHy1kDBfnbLkVKXZGuCv0beTWFylxs="},"chainType":1,"messageKeys":{}}},"pendingPreKey":{"signedKeyId":12,"baseKey":"BVHp+5CRttklTdhaHrAhCBQvX9KefVtT5nOp7N7hH5ZQ","preKeyId":3471673}}},"version":"v1"}