{"_sessions":{"Bf5+QJpKnGPon6w2X/+TpJCwwjU3w9+aZ2M5zZgFLTJj":{"registrationId":1430652750,"currentRatchet":{"ephemeralKeyPair":{"pubKey":"BbOIBGS5EO4TsF8fkMzk+Qi96XbY+jh8k6CnfQpaqtsD","privKey":"QKpHG6G8z6kRw4+V05VX8U4fULcajKaKh5MmrfMVE3M="},"lastRemoteEphemeralKey":"BUSqasQ/AHck1LnuglqlujEuRBhOILV3gAb0H9CMvj0D","previousCounter":0,"rootKey":"1jYWGUAENQAB+uORoqLJSD42UgIMUbqv6hJQZgBepYA="},"indexInfo":{"baseKey":"Bf5+QJpKnGPon6w2X/+TpJCwwjU3w9+aZ2M5zZgFLTJj","baseKeyType":1,"closed":-1,"used":1753549481940,"created":1753549481940,"remoteIdentityKey":"BUlwRqG9VXEyDPEleOrc3QQmhZtjkK3GZyh1bgawc+cm"},"_chains":{"BbOIBGS5EO4TsF8fkMzk+Qi96XbY+jh8k6CnfQpaqtsD":{"chainKey":{"counter":0,"key":"Zlfu8iwErVSVIEfLM083x55cSFby8lBcafNYxP59Z2k="},"chainType":1,"messageKeys":{}}},"pendingPreKey":{"signedKeyId":24,"baseKey":"Bf5+QJpKnGPon6w2X/+TpJCwwjU3w9+aZ2M5zZgFLTJj","preKeyId":15854903}}},"version":"v1"}