{"_sessions":{"Bb4GJkTw/bMQZAygYnXNUviQiAsT2HoMb61KKb4EupwV":{"registrationId":913285411,"currentRatchet":{"ephemeralKeyPair":{"pubKey":"BYaB0i1g+3n7/sm7RFjZy9/1BPBC+demN9oRsk5D3nYj","privKey":"wCBzEva/hCGKzK62xYCPzjbWQVTsVN4akZbTUr196WU="},"lastRemoteEphemeralKey":"BUKix69fpvQWfJMlDWHESMBHxzSNdL5RPHX+rXHkeRVe","previousCounter":0,"rootKey":"3+9y2CDlbAVE4bOjbXvmWj8RmqVbjaTvWosvsBp6GQk="},"indexInfo":{"baseKey":"Bb4GJkTw/bMQZAygYnXNUviQiAsT2HoMb61KKb4EupwV","baseKeyType":1,"closed":-1,"used":1753549481831,"created":1753549481831,"remoteIdentityKey":"BfnAOt3j78o8da2ywyLWHokvr6BPmPQtHw58yGFC9t4N"},"_chains":{"BYaB0i1g+3n7/sm7RFjZy9/1BPBC+demN9oRsk5D3nYj":{"chainKey":{"counter":0,"key":"cyhdkpmAR48Z+DWUPCTrfCHjx1Ukxll1zyq4Xz+AfAc="},"chainType":1,"messageKeys":{}}},"pendingPreKey":{"signedKeyId":6172146,"baseKey":"Bb4GJkTw/bMQZAygYnXNUviQiAsT2HoMb61KKb4EupwV","preKeyId":7072}}},"version":"v1"}