{"_sessions":{"BQSHHa969xJwYwljokF6o21jvyJkJCpIWAFAhxel5iBW":{"registrationId":738898636,"currentRatchet":{"ephemeralKeyPair":{"pubKey":"BTryKEC7pOQbgO5J706NdwmYBcuv4Y44Y3iCbE4Xu0ln","privKey":"2C15WvjTrr0XGy2TaHWYggbR5FHPxbBPfrP2dMlU71E="},"lastRemoteEphemeralKey":"BRwAPk33GT9MvBGG4bI5ehaWU7AV2aRZPDe+svNlMNBy","previousCounter":0,"rootKey":"C3SzqexWwlqeTEn2foHj/4PnHF8y2n1+OeNVnpYGdDw="},"indexInfo":{"baseKey":"BQSHHa969xJwYwljokF6o21jvyJkJCpIWAFAhxel5iBW","baseKeyType":1,"closed":-1,"used":1753549481974,"created":1753549481974,"remoteIdentityKey":"BWfKmnu+FDz/fMAZ/fZ4RYJzni8DrOVNBtRxw89tayZs"},"_chains":{"BTryKEC7pOQbgO5J706NdwmYBcuv4Y44Y3iCbE4Xu0ln":{"chainKey":{"counter":0,"key":"RSvbWNcUI+gtpkDpa7e8GnMN7JmdFiQOvDpyMtrRgL0="},"chainType":1,"messageKeys":{}}},"pendingPreKey":{"signedKeyId":5,"baseKey":"BQSHHa969xJwYwljokF6o21jvyJkJCpIWAFAhxel5iBW","preKeyId":2610064}}},"version":"v1"}