{"_sessions":{"BdiR3yw7yoKycAicMpb3+G+a+AvU25/eCKVRwTLLyhc9":{"registrationId":1666428088,"currentRatchet":{"ephemeralKeyPair":{"pubKey":"BWjBHQHjbS+HQoA9Jlk3OuDEruCVqWTzcB25zXbrmKY9","privKey":"MHYAPxSkSAOyByOCejeHQox8DQFz4rg91qND3cvPvmU="},"lastRemoteEphemeralKey":"Bc+XIXKCU7CyAs0TFDPVq8vlsJJ04HWKgaM9BMbV6oFH","previousCounter":0,"rootKey":"PLzgumnzIHz1TIZWtG/SRG++P3QmO0T+eTS3SJ3nlvA="},"indexInfo":{"baseKey":"BdiR3yw7yoKycAicMpb3+G+a+AvU25/eCKVRwTLLyhc9","baseKeyType":1,"closed":-1,"used":1753549482492,"created":1753549482492,"remoteIdentityKey":"BbxKKsforQV7Mw1sGX1JGZknCCrrc9/zmTr//2wnhoIX"},"_chains":{"BWjBHQHjbS+HQoA9Jlk3OuDEruCVqWTzcB25zXbrmKY9":{"chainKey":{"counter":0,"key":"Mbs1FiVauixt8Ho+ak5BtVaRwDcw5AdPVQgii4V5+rQ="},"chainType":1,"messageKeys":{}}},"pendingPreKey":{"signedKeyId":1,"baseKey":"BdiR3yw7yoKycAicMpb3+G+a+AvU25/eCKVRwTLLyhc9","preKeyId":2032}}},"version":"v1"}