{"_sessions":{"BdeP6fp7D/JSzHrqrg2y3OnbEuN9ojewB91V38SSLAA2":{"registrationId":1677826556,"currentRatchet":{"ephemeralKeyPair":{"pubKey":"Bbe3D2z1WZoGbN/FTIFK4LAPCkc7WgqqGI/l3N+ADzFS","privKey":"kB6LAuvPs2zt8uMaQU049gTFAwiL56puw1hdzi51klY="},"lastRemoteEphemeralKey":"BSclBtodZsKDlJO1lTW+CH9cn0myPJcExbf/kiJpzqtQ","previousCounter":0,"rootKey":"yflOSJlhoHqGro2qljA/L0tucCzvuFWXBk9IH8qHslY="},"indexInfo":{"baseKey":"BdeP6fp7D/JSzHrqrg2y3OnbEuN9ojewB91V38SSLAA2","baseKeyType":1,"closed":-1,"used":1753549481927,"created":1753549481927,"remoteIdentityKey":"BRlnTqdLnPD23M1FDXdnRIuGuugYriL96a3Y5JQEI2ds"},"_chains":{"Bbe3D2z1WZoGbN/FTIFK4LAPCkc7WgqqGI/l3N+ADzFS":{"chainKey":{"counter":0,"key":"K+nt0GEdYTu25IYjzxnV6buen0A/a4mqS8d1QhLklcc="},"chainType":1,"messageKeys":{}}},"pendingPreKey":{"signedKeyId":4,"baseKey":"BdeP6fp7D/JSzHrqrg2y3OnbEuN9ojewB91V38SSLAA2","preKeyId":2429765}}},"version":"v1"}