{"_sessions":{"BfhBA6+RJi4oOfRw7LIBaSYHf4dQwGFmBZx5nEztSx80":{"registrationId":877477576,"currentRatchet":{"ephemeralKeyPair":{"pubKey":"BUjAA2WmNVzN2zwyjYZ9wnlENm9CQGXbl5uq5WoUGyJ6","privKey":"8N6trvDr3bs5Sr/u9cNc7xocGBEDTeU66uGhvvmRC2U="},"lastRemoteEphemeralKey":"BT+IoOAeJzQvkAyZeodSBcCuyUSmM6CfW5X+hcnIKbRY","previousCounter":0,"rootKey":"7d/OUqhehIg0Q0/c9jON38hmaTHuG1GxHiV8cntob00="},"indexInfo":{"baseKey":"BfhBA6+RJi4oOfRw7LIBaSYHf4dQwGFmBZx5nEztSx80","baseKeyType":1,"closed":-1,"used":1753549481982,"created":1753549481982,"remoteIdentityKey":"BfLiMdzOb0gh7LOFQcgq1k0FK5qx6TKrzYmvRMb3xM5W"},"_chains":{"BUjAA2WmNVzN2zwyjYZ9wnlENm9CQGXbl5uq5WoUGyJ6":{"chainKey":{"counter":0,"key":"5zDf4io9OxbB09c0T0yhJ1sNvFl7rmb5yMrLuivVsMo="},"chainType":1,"messageKeys":{}}},"pendingPreKey":{"signedKeyId":4,"baseKey":"BfhBA6+RJi4oOfRw7LIBaSYHf4dQwGFmBZx5nEztSx80"}}},"version":"v1"}