{"_sessions":{"BRLnya21QejGs6VhZyWBSw2O4m5F9lS7IZRL/jga31oi":{"registrationId":1444409405,"currentRatchet":{"ephemeralKeyPair":{"pubKey":"BcZ6Vybg3YYv8JZG/LNvO2qnK+H8SbKFiCjjrb0A2igh","privKey":"sHOEMVXy09jeyVzSXP/W8DT/U2xhHfEIHYwGd7eTans="},"lastRemoteEphemeralKey":"BaIxY4PI17W8ATr15r3JH7ChaGIakoqhQsRqBrnFcWsJ","previousCounter":0,"rootKey":"/4kI1ynHS6MWvXX3Rn7/aR3p56N9NI91gyAII8XuhpU="},"indexInfo":{"baseKey":"BRLnya21QejGs6VhZyWBSw2O4m5F9lS7IZRL/jga31oi","baseKeyType":2,"closed":1753571672611,"used":1753571672035,"created":1753571672035,"remoteIdentityKey":"BX4FZnI/99nEj18hbAL8JvKcpWRTARqNS1XFIPbxVoEy"},"_chains":{"BaIxY4PI17W8ATr15r3JH7ChaGIakoqhQsRqBrnFcWsJ":{"chainKey":{"counter":1,"key":"DT2WQvISkhNRdrA4tfRQmBE5QMZ+b9piXzWh2z4n0lM="},"chainType":2,"messageKeys":{}},"BcZ6Vybg3YYv8JZG/LNvO2qnK+H8SbKFiCjjrb0A2igh":{"chainKey":{"counter":-1,"key":"tAHf2Tm9LZfQdkDpLG85TVYMqNOxcmCwMtmcM+FxulA="},"chainType":1,"messageKeys":{}}}},"BW4duz+zXaJA0ckHhwAaECLEWCkA+eOFo+iU+bdMY4Y7":{"registrationId":1444409405,"currentRatchet":{"ephemeralKeyPair":{"pubKey":"BXUDhJ/WBX9qHRDFGD+LleWM4pnbwduxSRHM7MLuwBM6","privKey":"6LnYO9BZkKvNPhBJVH4vCQVL19heWkkt779za65mi0w="},"lastRemoteEphemeralKey":"BaPjw0oOguULHzRm/q1E9sIOh8c5hHt5f/FBXDy/K1Mc","previousCounter":0,"rootKey":"vYt6XbV7DW7hJiOY6p/D5eLGzrYLDT+4raSn0axLYCQ="},"indexInfo":{"baseKey":"BW4duz+zXaJA0ckHhwAaECLEWCkA+eOFo+iU+bdMY4Y7","baseKeyType":2,"closed":1753571673539,"used":1753571672616,"created":1753571672616,"remoteIdentityKey":"BX4FZnI/99nEj18hbAL8JvKcpWRTARqNS1XFIPbxVoEy"},"_chains":{"BaPjw0oOguULHzRm/q1E9sIOh8c5hHt5f/FBXDy/K1Mc":{"chainKey":{"counter":1,"key":"VEd6OIAEqwcTHOT41Mv8to5Of1MgYl7kB239hALLV1w="},"chainType":2,"messageKeys":{}},"BXUDhJ/WBX9qHRDFGD+LleWM4pnbwduxSRHM7MLuwBM6":{"chainKey":{"counter":-1,"key":"ZRcCpHY630Kyq5Pi3UQY/0y1jIVNy1rXz+Xa6rVGhPM="},"chainType":1,"messageKeys":{}}}},"BUkUIT6r0yrsKS4sGFlNPRCxUzAHoeuoqLnsuYQE9iNr":{"registrationId":1444409405,"currentRatchet":{"ephemeralKeyPair":{"pubKey":"BdGvB8Fq7tJpojuc8oRD79hJTYZrz0tPjLxHqkSR0RR9","privKey":"CP/H+GG+8OFcgLlRrEfsJVdMXfxWa+6F1zKOaMh2tl8="},"lastRemoteEphemeralKey":"BXT6i+a9StuguE/qO2H1qvwJ+KCv2hx3tMXsSqWMv7QP","previousCounter":0,"rootKey":"1LcdCZzsGxW6PcSV4IGQuF4DiTLTRYris2jHlolEtic="},"indexInfo":{"baseKey":"BUkUIT6r0yrsKS4sGFlNPRCxUzAHoeuoqLnsuYQE9iNr","baseKeyType":2,"closed":-1,"used":1753571673545,"created":1753571673545,"remoteIdentityKey":"BX4FZnI/99nEj18hbAL8JvKcpWRTARqNS1XFIPbxVoEy"},"_chains":{"BXT6i+a9StuguE/qO2H1qvwJ+KCv2hx3tMXsSqWMv7QP":{"chainKey":{"counter":1,"key":"2jwjrQmHa6uDXqvcze05ohTsl7+/T2AMDgWcJcYFUWM="},"chainType":2,"messageKeys":{}},"BdGvB8Fq7tJpojuc8oRD79hJTYZrz0tPjLxHqkSR0RR9":{"chainKey":{"counter":-1,"key":"1hB52I4OjAM+sx0yAzYXAt5+Jl/dRONX/v9Q7M4Htoo="},"chainType":1,"messageKeys":{}}}}},"version":"v1"}