{"_sessions":{"BTMd3ofOflCoav0sYpKneu89I/gIo9yhuXAZyo4G00IR":{"registrationId":1777793652,"currentRatchet":{"ephemeralKeyPair":{"pubKey":"BQdhk/qPo5QnYVkkoCsFNjpOmtSfMXQPXRGOTyuN1qd/","privKey":"4GbaGzUBqtDQaB+G1zcgQ3HkWAsyDRjVnlUeCvkOYFk="},"lastRemoteEphemeralKey":"Bf4QDhNA1zxwC/LmKamytnkXChvN4O506mTmO2+LRdtH","previousCounter":0,"rootKey":"X98Cpvz9Qs6bMlnit4FOonx/p6e8STy/B3LTfNTp11c="},"indexInfo":{"baseKey":"BTMd3ofOflCoav0sYpKneu89I/gIo9yhuXAZyo4G00IR","baseKeyType":1,"closed":-1,"used":1753549481844,"created":1753549481844,"remoteIdentityKey":"BQkjOR+M62N1TVptGhMMeSZtEshZB8QP6C7KI1mDLDRv"},"_chains":{"BQdhk/qPo5QnYVkkoCsFNjpOmtSfMXQPXRGOTyuN1qd/":{"chainKey":{"counter":0,"key":"Z3aUa16KuG7Drr4HElvaomHx6eduj0X5WONkEknIraM="},"chainType":1,"messageKeys":{}}},"pendingPreKey":{"signedKeyId":2,"baseKey":"BTMd3ofOflCoav0sYpKneu89I/gIo9yhuXAZyo4G00IR","preKeyId":6150289}}},"version":"v1"}