{"_sessions":{"BdiQAHFWujMdERyw69Xfs65yhEm8iGHah5AJZ2rz6JJb":{"registrationId":1594782435,"currentRatchet":{"ephemeralKeyPair":{"pubKey":"BWCkD9s6V/+9wTlXG6bPS3DK2wVptIyCyBRzfm4jraRz","privKey":"wGqaZ9gOypjozYO4Yv4DCgWSY90XqPHANObWu9hcv28="},"lastRemoteEphemeralKey":"BUHIUGyWABM/3SWbUsUyN6uXro7WuHbTVU+Ru0HRnbsN","previousCounter":0,"rootKey":"xTHGsVukxtekpPi8fpa/VFZBsK22mR/qcAukNoM8Z7E="},"indexInfo":{"baseKey":"BdiQAHFWujMdERyw69Xfs65yhEm8iGHah5AJZ2rz6JJb","baseKeyType":1,"closed":-1,"used":1753549481908,"created":1753549481908,"remoteIdentityKey":"BRYAnd0eod9yY4/3fdcJmRm5q3/dfEK+9uU1+z/iY5EI"},"_chains":{"BWCkD9s6V/+9wTlXG6bPS3DK2wVptIyCyBRzfm4jraRz":{"chainKey":{"counter":0,"key":"5sUL9SFnB2QK77c0UDvfiZuXSUnX5ivWnJsDF1JK0Qs="},"chainType":1,"messageKeys":{}}},"pendingPreKey":{"signedKeyId":1,"baseKey":"BdiQAHFWujMdERyw69Xfs65yhEm8iGHah5AJZ2rz6JJb"}}},"version":"v1"}