{"_sessions":{"BeYN+/MrUkoo2W+S2SnQVp1alZVqAg3Y3COds6Q1PexA":{"registrationId":389841531,"currentRatchet":{"ephemeralKeyPair":{"pubKey":"BSLR1L0BrXfp4h4+boYiaThC1iCnmwADEkAvTcw/vyQU","privKey":"aBrTAWFfuA7zAzVymCM17pu+uynhCEdF3ut/6nQk9Vc="},"lastRemoteEphemeralKey":"BdI8yeWzkZ7nGtzDVRsSjE303ycPG3A7kmIaRT89L0lj","previousCounter":0,"rootKey":"VGcdz/TCMWtViI3lmH2Phti4vOASDUxma75sDojgcpM="},"indexInfo":{"baseKey":"BeYN+/MrUkoo2W+S2SnQVp1alZVqAg3Y3COds6Q1PexA","baseKeyType":1,"closed":-1,"used":1753573447548,"created":1753455882586,"remoteIdentityKey":"Bf+b2x61K+obKOaZvxyWyvfsxHE1CtGWLtP3VCmSqpNp"},"_chains":{"Be21l7Wc8tQEFlgf+EZ/Mm+nLxV58b5nxbSgZtYCUa4K":{"chainKey":{"counter":38},"chainType":2,"messageKeys":{"0":"lfzS+ygUWuBkGhf4nvBK5RT3nDT3RUWdYOy8Um7vFVM=","1":"RzXhHujkee/shpGoNS9v0uFuCKvXey5xlwMkbs6JEK4=","2":"OU/mmqpHl5weP+FlcNMZhP+vkvjQRjnbngwOP8Zx4T4=","3":"w3NgDcKMSVqQ5Jg9ENa+djymrhYruZQpFBWFNeOe71E=","4":"0c8zB1HAz7YnFkc2PhVqJoK5i1z50HM4WxbHXEwpBBk=","5":"Sxwz+IiKwZMsHOzAnKBvz/CwOXauCa9suHOkM26OHl0=","6":"3cwA8UYicm1nzOqLU174mK4n5rCNp4lzqH5PaWjcCVE=","7":"Fkn8mjtq+YeqRImbkhXYlak+ukq14udjKzwZCDuGubc=","8":"wWur6JphnI5VIfW+28cu79Gd7BHkVv2VJC83dRajVS8=","9":"+v2zkdOR6B5HX6t9ltLjbM3IsQJvXZnIPMBRCSc1Cvc=","10":"pFvb5x1wbJETkk/gIe8j5Kl2GhamkkX2LNmTbaeZt0U=","11":"nId/RvHAxSxzV76pR/KO7EICU6eAYTVA051ZRN0I0vo=","12":"OqJm6EOzwJHdAXGQWaKEmCHYpEK3NP5UJTDCsnk+d0A=","13":"2WIwlYZ+M3LvBGk14jOF+49IMjYcxLsWh5j9Ui3+/3U=","14":"ruT0EWLiekyKDbOMKrVKv9PFWWJuBek4pQrA2K/K+uk=","15":"YqeOCuDYBZlSTfX92TVTOyTGVD98mhI57tbiK6B/XDg=","16":"u7MLg3S+qIiCWJLv2W1CaN0YCfwZs4FpIngPhskTeAM=","17":"vqa6vX4XfNlMoyMml4aq18hbpcn46DtbqdWfwHOUqBs=","18":"bn53S7QshPCDxzl2ZdTstFD4jT2TxaWgo+kdwCBx+Tk=","19":"IZ6J8Q7So5i+f8ZPiWjCxjffxWWoF6HMcn82OB0lzWA=","20":"e8lvG/Uap6xNOLSG/VunRc4dc0ljzZRceZ2xtagUMUA=","21":"J7oHzgr9+5nFR8Ge+ql1NKSOd1hSpw9VYyOYBR07qyk=","22":"NAUMAXeg3ctUwvwYC/0u8IFxnx2b5SHLILeTXZQyUTc=","23":"gA2FUIjX7uE/n1dGXLzcLGMbY23KhX5g2mOup8xOUIQ=","24":"PDHv/SDFYzbInRhFpLwfu2hY/B/aSAQppMCcwmYhIck=","25":"KnDS8Ji2JNUJMQeI/Cjer6OABc7scgj07jiXlBdODOI=","26":"6cB0tLxs3nBB7TNMxedEypLAKR2RZUWrnqCcoDwmdDc=","27":"AEiuETzAXf7AszVTueDqR6tZqvhKgrzoOclv8YWsSRU=","28":"L7f+TmuM5eECg7hlzxEH2pmYkTrYjZGmHFHeHVKt6wk=","29":"0zIVwBk/TErKRZU+TLiHYJkPTml8OMsMHcLIQ2JHhd0=","30":"E0XgFzoKAdByD5jA9yfZ6nfjlSuiAyBI5IsJma5XhCc=","31":"m7Squjx1jXAYAv/JswA9kUvEvopc0QrFb5fRBDGPMjY=","32":"eKzK/PLMHPIRcxBWBVqIQMJegbUiw1ynajDEPfQSWOQ=","33":"Vb5IEj+dxEC/Qh06RZGKjhUMc3rdtNsiS9cDEyY12dk=","34":"YSun8joWrYnVKz9npYoB32fmcQ1IFNs2foSojeHIZ84=","35":"uvSxNcU66J0yVfWLPRtgw4DcJNAYATbq/ZICt1Yn4Rg=","36":"gjc2lO9hhFENxIMRPCM9t6UxiOw2wBd3G9NWmoYb1lU="}},"BdI8yeWzkZ7nGtzDVRsSjE303ycPG3A7kmIaRT89L0lj":{"chainKey":{"counter":10,"key":"qlTK1MYu9dj8+lXokjELbDh4dReYvTL5d8dsR1ua1UU="},"chainType":2,"messageKeys":{}},"BSLR1L0BrXfp4h4+boYiaThC1iCnmwADEkAvTcw/vyQU":{"chainKey":{"counter":-1,"key":"0IJlrKjtOHS+Vn5tMPqopzRfhT/uk8UOC2uaLcE+ISA="},"chainType":1,"messageKeys":{}}}}},"version":"v1"}