{"_sessions":{"BS5XFyJSoN5RfnmO79FNWwI8sb0UlAvHj+q4MbByl9cB":{"registrationId":645387246,"currentRatchet":{"ephemeralKeyPair":{"pubKey":"BXM0bidr5RaI4xu562clvvppPro3LxVvpT5NAP3+RM51","privKey":"EMCEK2bfcX8Lwmdn4FGNACCAs42/22X73qJfk6QY1Vw="},"lastRemoteEphemeralKey":"BdQsriDBd8ViOgl+LULkF82oEIH0yLFKrlZAhusOZiw8","previousCounter":0,"rootKey":"zeav91aO7zEX7YrUspZG3A4NsnV7IF+hTbthXKhnpWc="},"indexInfo":{"baseKey":"BS5XFyJSoN5RfnmO79FNWwI8sb0UlAvHj+q4MbByl9cB","baseKeyType":1,"closed":-1,"used":1753549481985,"created":1753549481985,"remoteIdentityKey":"BXh9Hr2GAW9L7NXk40WVvMHcL2Ta1b7jC3rN/oNwgjAa"},"_chains":{"BXM0bidr5RaI4xu562clvvppPro3LxVvpT5NAP3+RM51":{"chainKey":{"counter":0,"key":"mlltN8p8JdpHZao4BhK54PHZea6uwX0u2ZJbWiaub7U="},"chainType":1,"messageKeys":{}}},"pendingPreKey":{"signedKeyId":1,"baseKey":"BS5XFyJSoN5RfnmO79FNWwI8sb0UlAvHj+q4MbByl9cB","preKeyId":13445841}}},"version":"v1"}