{"_sessions":{"Ba5QBN14UBlSJ79Dmm5eW5z1Az8Udbv3fMN/wB1aSO81":{"registrationId":403535025,"currentRatchet":{"ephemeralKeyPair":{"pubKey":"BT73Caq7l8yavq7g7JUmFcOXAHfnIJ5qfpYfiWp47fV9","privKey":"kCbnnLr50IBxp+6KjcP2oX/bZ+rKBSCnJIJM54OIb34="},"lastRemoteEphemeralKey":"BdMsPw705xakDrFIk8B5pozwmDFLhJAPaorN6Ws+8hI8","previousCounter":0,"rootKey":"Er0YoeCvTYCfNN3/M2QDZ/FYUuGdXyqHJEizrUPLtB4="},"indexInfo":{"baseKey":"Ba5QBN14UBlSJ79Dmm5eW5z1Az8Udbv3fMN/wB1aSO81","baseKeyType":2,"closed":-1,"used":1753455859373,"created":1753455859373,"remoteIdentityKey":"BYWaNYPbrICFKaPX92z0iq2fuPVXLSWkZ/EpDJSNzrJc"},"_chains":{"BdMsPw705xakDrFIk8B5pozwmDFLhJAPaorN6Ws+8hI8":{"chainKey":{"counter":3,"key":"MWOFPqFodDNy1ysEQ37jwKMZcvSmKNDQbFyLVokrYxU="},"chainType":2,"messageKeys":{}},"BT73Caq7l8yavq7g7JUmFcOXAHfnIJ5qfpYfiWp47fV9":{"chainKey":{"counter":-1,"key":"5OvXcdByHKQHQdYT04C26dTUBYaEgBkOVy7/ZKgPYs8="},"chainType":1,"messageKeys":{}}}}},"version":"v1"}