{"_sessions":{"BZHVPP9YWSh3vaxLhXUkHh4W62ZTDe+gR1gQzQWY3V9b":{"registrationId":854417756,"currentRatchet":{"ephemeralKeyPair":{"pubKey":"BUxwYJGRpDGftq+LggatDjdInix7Q9nmWQDb02RrCkkA","privKey":"GDtxuXglR2P0sGpzc2PkJLPT40bljU2azFqwvXZkcWE="},"lastRemoteEphemeralKey":"BbOdgFsFh9cXvsIhV1UGJqn0aYNJNJmKZZGIgqryqWNl","previousCounter":0,"rootKey":"DqIliZazhb+hbSTX5hzsbuoH9TSb8Zvtbv9kImy/jIg="},"indexInfo":{"baseKey":"BZHVPP9YWSh3vaxLhXUkHh4W62ZTDe+gR1gQzQWY3V9b","baseKeyType":1,"closed":-1,"used":1753549481961,"created":1753549481961,"remoteIdentityKey":"BfmUMgCMI37Dl/L6W4fcFhveXFSqOczkbqjAdwT2x6on"},"_chains":{"BUxwYJGRpDGftq+LggatDjdInix7Q9nmWQDb02RrCkkA":{"chainKey":{"counter":0,"key":"eYnF6VpwDl8DTrgbq1mY8ulJHiBNAIBCdLPvgspzZ7g="},"chainType":1,"messageKeys":{}}},"pendingPreKey":{"signedKeyId":1,"baseKey":"BZHVPP9YWSh3vaxLhXUkHh4W62ZTDe+gR1gQzQWY3V9b"}}},"version":"v1"}