{"_sessions":{"BcB2KCD2nuxFW1IaB4MJnH8UELDL5C8sSVkNYx6eWkw9":{"registrationId":13,"currentRatchet":{"ephemeralKeyPair":{"pubKey":"BXkV1hIToVmXfgizWL9+s8gcZnsurs3gjVq7x7nVX6QA","privKey":"0BdzpMXnpuBjKXbVR4/iC9SZg0I3R3sUbkHlxGI9G2w="},"lastRemoteEphemeralKey":"BTXOWVa5Vx2QjWn0Y8k0Xr4hdkt8gysie7r/EzxLb2o6","previousCounter":0,"rootKey":"2EGN2xHyC1eoCZ7CbEjhDmP/MPwKhJftgnMrHO2EHTI="},"indexInfo":{"baseKey":"BcB2KCD2nuxFW1IaB4MJnH8UELDL5C8sSVkNYx6eWkw9","baseKeyType":1,"closed":-1,"used":1753549482499,"created":1753549482499,"remoteIdentityKey":"BfPTeAd4TmgC/XM7rek2qSMCmCOI1y7Sj7Y3xBHkOJFO"},"_chains":{"BXkV1hIToVmXfgizWL9+s8gcZnsurs3gjVq7x7nVX6QA":{"chainKey":{"counter":0,"key":"wR3QHi9IPlF62bV9p7lkKePaLvLzob+n7BTmSh2/9pI="},"chainType":1,"messageKeys":{}}},"pendingPreKey":{"signedKeyId":1,"baseKey":"BcB2KCD2nuxFW1IaB4MJnH8UELDL5C8sSVkNYx6eWkw9"}}},"version":"v1"}