{"_sessions":{"BXBwUTxwS8Gy/pzJg3xni72FD1gfVte6RCS6ESiwyek9":{"registrationId":12623,"currentRatchet":{"ephemeralKeyPair":{"pubKey":"BZE0rvfObukKMBGhnDkZScYn5QHG21nYmzsPqP2HHVd0","privKey":"KJpgI8VFkt7fiRcF7bqtL/IeuwqfDSFOno1k1bgUUFo="},"lastRemoteEphemeralKey":"BSV6r0AxfI2c1IVTfiCBvbf6qO3zFu5P3E2taISTgzlV","previousCounter":0,"rootKey":"lO2L5qiK3PE35Wy0V4rW6t6vf67kx+xAQ6F7Jt78dj8="},"indexInfo":{"baseKey":"BXBwUTxwS8Gy/pzJg3xni72FD1gfVte6RCS6ESiwyek9","baseKeyType":1,"closed":-1,"used":1753549482010,"created":1753549482010,"remoteIdentityKey":"BZAhWgghw+uX/R/w05OIDYe9e5Kw/xsROoSBTH6vhJIp"},"_chains":{"BZE0rvfObukKMBGhnDkZScYn5QHG21nYmzsPqP2HHVd0":{"chainKey":{"counter":0,"key":"1YTu68Cv9equAQAkbYLqDlvIlnOAK7q7o3GqT+JZv50="},"chainType":1,"messageKeys":{}}},"pendingPreKey":{"signedKeyId":1,"baseKey":"BXBwUTxwS8Gy/pzJg3xni72FD1gfVte6RCS6ESiwyek9","preKeyId":101}}},"version":"v1"}