{"_sessions":{"BaqgTL1fC6/j45NRABEoWE/bCSyCnwrQMv39G3hjCMsd":{"registrationId":1479770906,"currentRatchet":{"ephemeralKeyPair":{"pubKey":"BYuRJN5GXr1CFuqRyf/4EW2NBH8e3jkYCsaO4My8E/hH","privKey":"SGmJpNU1pxXyucxcadnSyI7jpzsiBoSnAndCDzW1m3Y="},"lastRemoteEphemeralKey":"BfSYPnsm2Z9EqqNPmsj8LyZBWYaqpmBwEbuh1lfMXwZW","previousCounter":0,"rootKey":"+JpAEyf01cfDRO4XnKQMn4Zqdnqt63f9GZt8FZvMLsc="},"indexInfo":{"baseKey":"BaqgTL1fC6/j45NRABEoWE/bCSyCnwrQMv39G3hjCMsd","baseKeyType":1,"closed":-1,"used":1753549482458,"created":1753549482458,"remoteIdentityKey":"BWQ1Ga8n99wCstkqfUZwD6T30gKMGt8CmcasOtjbU85A"},"_chains":{"BYuRJN5GXr1CFuqRyf/4EW2NBH8e3jkYCsaO4My8E/hH":{"chainKey":{"counter":0,"key":"Y3ZLPJm5yox1Dc+hPRrYFKli9wkWJQohdizHSsvQibY="},"chainType":1,"messageKeys":{}}},"pendingPreKey":{"signedKeyId":6,"baseKey":"BaqgTL1fC6/j45NRABEoWE/bCSyCnwrQMv39G3hjCMsd","preKeyId":4718}}},"version":"v1"}