{"_sessions":{"BfNj8VUjv+8u4qBnVuggWJKNibl/Q9ofmcnBeZGSigct":{"registrationId":1200279745,"currentRatchet":{"ephemeralKeyPair":{"pubKey":"BSlJbCnRfUrhX+G+K6n5PXB9uCjpMhx4yh9l/RRcZqMP","privKey":"YG1ynnn2TXtht+Wx1k5KKXvO08zHBeyoWd1NO5LO7mw="},"lastRemoteEphemeralKey":"BaRXbsmKb22qiIYrGI/hO4gwZ8adbgVLXwW3fI+dEw47","previousCounter":0,"rootKey":"XORRv1KvdgCo5kGg1OLdSGhgqEUxiRzIdzjavfgmqY8="},"indexInfo":{"baseKey":"BfNj8VUjv+8u4qBnVuggWJKNibl/Q9ofmcnBeZGSigct","baseKeyType":1,"closed":-1,"used":1753549481997,"created":1753549481997,"remoteIdentityKey":"BUedAywU2WwYIaKDpQTPcnuCdKv9tkNh7NuY9KmgVyEg"},"_chains":{"BSlJbCnRfUrhX+G+K6n5PXB9uCjpMhx4yh9l/RRcZqMP":{"chainKey":{"counter":0,"key":"HB2LhYDp9fRVmSsvsGPU40r+guLAGzEMT6ctNSoIYEc="},"chainType":1,"messageKeys":{}}},"pendingPreKey":{"signedKeyId":1,"baseKey":"BfNj8VUjv+8u4qBnVuggWJKNibl/Q9ofmcnBeZGSigct","preKeyId":8036397}}},"version":"v1"}