{"_sessions":{"BahtiNFp6sCRJuIAwiFUqI+VsJEyvt6eyTuwe8QDJopw":{"registrationId":2101615652,"currentRatchet":{"ephemeralKeyPair":{"pubKey":"BR2ndtGWGrqHNT8NnIQRkNE6Fs+SpG4z+6IpcS3H7Ghx","privKey":"gBFjHA8oZjq5UAIvjq5ukg3AN9TeAiv5KW6RFdwILlM="},"lastRemoteEphemeralKey":"BVMPJduGleBLKMY7+xNFTfj5uO7IoOshi+azyxCcgetF","previousCounter":0,"rootKey":"GRrxZXHAUT1aKWx4w4K5fxpXKYBarpBQ6AQfrR66nBQ="},"indexInfo":{"baseKey":"BahtiNFp6sCRJuIAwiFUqI+VsJEyvt6eyTuwe8QDJopw","baseKeyType":1,"closed":-1,"used":1753549481895,"created":1753549481895,"remoteIdentityKey":"BQkvLMSbksSvNfnnQIld5Eg6KiS/V+0T12jg+YF1obo2"},"_chains":{"BR2ndtGWGrqHNT8NnIQRkNE6Fs+SpG4z+6IpcS3H7Ghx":{"chainKey":{"counter":0,"key":"FvXOgiVGhmcO7fGroTuMoTbhHsOAorpRhoXcFE6cH7A="},"chainType":1,"messageKeys":{}}},"pendingPreKey":{"signedKeyId":2,"baseKey":"BahtiNFp6sCRJuIAwiFUqI+VsJEyvt6eyTuwe8QDJopw","preKeyId":15590715}}},"version":"v1"}