{"_sessions":{"BRK4HoUzssQfFFo6REVEsUdeoknB4WfW4/ibvCfd6W06":{"registrationId":1824,"currentRatchet":{"ephemeralKeyPair":{"pubKey":"BRiAC0pEC2Bulddm6B4M7Idwg5/eU9ArbIx/41T31gUr","privKey":"eK+LmnbGCkMcaotq0KwW2FSyqoMzbOXonxlVTo26OEs="},"lastRemoteEphemeralKey":"Bcwav7Ifo2H8bINfa7eS2W43XPTs44blw+2UuciN8kQx","previousCounter":0,"rootKey":"3xRKNGrtUNAMwwLTAo9WqZhBeMHPqVtiTT8M/izrxi8="},"indexInfo":{"baseKey":"BRK4HoUzssQfFFo6REVEsUdeoknB4WfW4/ibvCfd6W06","baseKeyType":1,"closed":-1,"used":1753549482508,"created":1753549482508,"remoteIdentityKey":"BRUTouna+5Rlrm0qD0bH7XR/eTv1y8hQt6TTAo6ouHY8"},"_chains":{"BRiAC0pEC2Bulddm6B4M7Idwg5/eU9ArbIx/41T31gUr":{"chainKey":{"counter":0,"key":"KSSgBd16+ZCuKdRPz/UNr13cmbHXB5uPlGKQXL0Naho="},"chainType":1,"messageKeys":{}}},"pendingPreKey":{"signedKeyId":1,"baseKey":"BRK4HoUzssQfFFo6REVEsUdeoknB4WfW4/ibvCfd6W06"}}},"version":"v1"}