{"_sessions":{"BUaQo3tP+H3FhGv0mutwOAFR/OSj7/rcea6Q0uWr60AD":{"registrationId":1639530615,"currentRatchet":{"ephemeralKeyPair":{"pubKey":"BcG3+Tk7YoSuy2PUgll8K3NfDG4qJtFpzObAsF2dZtYN","privKey":"yNTkTmBbwsq4NSXUUsOf/EovpM8PcVWHWR+jzx8GpVI="},"lastRemoteEphemeralKey":"BaM6LktlDl/JEGASLhoEXAI2U3opegMbc85U6eEe619d","previousCounter":0,"rootKey":"w5tF60yLxuYX5lDu2PBg1BzesJJmPMhxU4Zz0i5XKM0="},"indexInfo":{"baseKey":"BUaQo3tP+H3FhGv0mutwOAFR/OSj7/rcea6Q0uWr60AD","baseKeyType":1,"closed":-1,"used":1753549482506,"created":1753549482506,"remoteIdentityKey":"BSVNiS1hWxNc8rrCmFDq5fvbGWJmBJL0EGDzEFpJXuY6"},"_chains":{"BcG3+Tk7YoSuy2PUgll8K3NfDG4qJtFpzObAsF2dZtYN":{"chainKey":{"counter":0,"key":"91VhxMpSQLN3eK+DjtpYP9erMTC4jYX5sbJ+bRCVvyU="},"chainType":1,"messageKeys":{}}},"pendingPreKey":{"signedKeyId":24,"baseKey":"BUaQo3tP+H3FhGv0mutwOAFR/OSj7/rcea6Q0uWr60AD","preKeyId":650}}},"version":"v1"}