{"_sessions":{"BRUcB733cSYGJaK5OTOa83kShj4qZI+RhWoAPso5xrh3":{"registrationId":158723797,"currentRatchet":{"ephemeralKeyPair":{"pubKey":"BQPEINzWgyEc32FWyLQjY8CoU9VfNYtSYDug1IDkJ40+","privKey":"YJWPnr18SMpuzaBHPB7MZ2zpLy6urhx2bwln8vEq3U0="},"lastRemoteEphemeralKey":"BV4F3CkePJi7P3iHuNvaTapzixG5Bb8W0vTLLiFFVL9J","previousCounter":0,"rootKey":"xuoIEZdwBBYJzbiv8qcEaU3DONAMC5K6oxuxu/xMA9o="},"indexInfo":{"baseKey":"BRUcB733cSYGJaK5OTOa83kShj4qZI+RhWoAPso5xrh3","baseKeyType":1,"closed":-1,"used":1753549482000,"created":1753549482000,"remoteIdentityKey":"BSavVWuK6s8ceXYNR+kYJX1+o0ocPBdynfk5ZWpO2hcl"},"_chains":{"BQPEINzWgyEc32FWyLQjY8CoU9VfNYtSYDug1IDkJ40+":{"chainKey":{"counter":0,"key":"DkJhQRoNyQ4VRibA1slDMObcNCRJbl369sGyoWTxnVw="},"chainType":1,"messageKeys":{}}},"pendingPreKey":{"signedKeyId":0,"baseKey":"BRUcB733cSYGJaK5OTOa83kShj4qZI+RhWoAPso5xrh3","preKeyId":2440739}}},"version":"v1"}