{"_sessions":{"BQpyGE/vrQs9zQIs4eFKoQ4Ksh2QtCwfx1aImafLH+km":{"registrationId":130,"currentRatchet":{"ephemeralKeyPair":{"pubKey":"BWPEPuOWDctjisSMRKzBHSAGmLOFB9xEGTHGODR26y9I","privKey":"cDWo74S6DMrVtFO6rCBJqvfZB35ot71P9QcVcDZdA0M="},"lastRemoteEphemeralKey":"BVeQSZvmuoC/jQouIiQ21lt3E/HM5/REAxmJNcwOwtV7","previousCounter":0,"rootKey":"uW1NbRa2l5Eu6WzgS7yO2GKkc8bBNoDhUu4abR8wcNc="},"indexInfo":{"baseKey":"BQpyGE/vrQs9zQIs4eFKoQ4Ksh2QtCwfx1aImafLH+km","baseKeyType":1,"closed":-1,"used":1753455882593,"created":1753455882593,"remoteIdentityKey":"Bckcg2yWcvi2jkNq76xG3PPgv32jzigWir3/ywApwvgr"},"_chains":{"BWPEPuOWDctjisSMRKzBHSAGmLOFB9xEGTHGODR26y9I":{"chainKey":{"counter":1,"key":"QJ4v8cl5S/z5vJNF0u6xk8ad+JCNaEIQ4f8Pptw/GN4="},"chainType":1,"messageKeys":{}}},"pendingPreKey":{"signedKeyId":1,"baseKey":"BQpyGE/vrQs9zQIs4eFKoQ4Ksh2QtCwfx1aImafLH+km","preKeyId":17}}},"version":"v1"}