{"_sessions":{"BSJeU1lvUTVQWG/QNcVAqmZNgBO2J2VWeoxkJ4mCjtE5":{"registrationId":2007330353,"currentRatchet":{"ephemeralKeyPair":{"pubKey":"BYCBGXipGuf3O6lvBw1LcrnOOAxKIM4zqNNBXRqPUPJ0","privKey":"yByQchNOM+TFa9w53ghQWDY2TbWChY5vac6R5RQ7hE8="},"lastRemoteEphemeralKey":"BUltjsYMqXYxW6L8V9Oq5sfJo8Ebh/1GjFlQDSSFOExo","previousCounter":0,"rootKey":"0OoJMbqKJEPGjrpOQB0qLk8qN3nJ3+2UGdW1yNklGdY="},"indexInfo":{"baseKey":"BSJeU1lvUTVQWG/QNcVAqmZNgBO2J2VWeoxkJ4mCjtE5","baseKeyType":2,"closed":-1,"used":1753455876872,"created":1753455876872,"remoteIdentityKey":"BQEFEoaSS29l78aQNeHjAFqk7AvC5wNkmactKNNPWZVt"},"_chains":{"BUltjsYMqXYxW6L8V9Oq5sfJo8Ebh/1GjFlQDSSFOExo":{"chainKey":{"counter":8,"key":"TJKCT6toJYRZLFKYhNL9udo0Hn1Ky4X4tyHP5yfCL8I="},"chainType":2,"messageKeys":{}},"BYCBGXipGuf3O6lvBw1LcrnOOAxKIM4zqNNBXRqPUPJ0":{"chainKey":{"counter":-1,"key":"P0KO23J2Qs1d7LvCQO8ebTVOyEBizXG+s2nixcaVMlU="},"chainType":1,"messageKeys":{}}}}},"version":"v1"}