{"_sessions":{"Bf0+FcF/APreZBEIqV8nm6Ju1+NFKh2EumGBor3qI/Ri":{"registrationId":734690933,"currentRatchet":{"ephemeralKeyPair":{"pubKey":"BTrjNTZV+rA08S8/euOrg3hhb4TP9gQydPYf5Yd2M5NR","privKey":"mOX78nmHqNziUH0wZLAEmoCy1goX9WNF9CNuwPZTmmo="},"lastRemoteEphemeralKey":"BZN6Cr3uhDS8H0Zk0riFvmrdv+Xsgl30ciHvsvj881oS","previousCounter":0,"rootKey":"ar0fZxOs0izFB7HW2AYa/6R/7JO5gkdSVArpI5HfXpU="},"indexInfo":{"baseKey":"Bf0+FcF/APreZBEIqV8nm6Ju1+NFKh2EumGBor3qI/Ri","baseKeyType":1,"closed":-1,"used":1753549482487,"created":1753549482487,"remoteIdentityKey":"BTqHukPuhIvuu4Wv5yHMVPlfQv0O6ICojZcOpD4dOB4j"},"_chains":{"BTrjNTZV+rA08S8/euOrg3hhb4TP9gQydPYf5Yd2M5NR":{"chainKey":{"counter":0,"key":"QoypvJ/i4/zPrCF1X+weukiM6YqCV5acWLyxT0JWLzA="},"chainType":1,"messageKeys":{}}},"pendingPreKey":{"signedKeyId":1,"baseKey":"Bf0+FcF/APreZBEIqV8nm6Ju1+NFKh2EumGBor3qI/Ri"}}},"version":"v1"}