{"_sessions":{"Baw+MvTPDsb+9xYlac2PPvNf2O3eN2lEAWg7iCvRm9l2":{"registrationId":161509748,"currentRatchet":{"ephemeralKeyPair":{"pubKey":"BfswjNYL9NAyGjUgonPrIaAXgtZRKIR10m5/o6UZSgde","privKey":"iH5J2WhjnPeU7ubnJ+D5dwlDuex7iN80uYCg7/4FQXw="},"lastRemoteEphemeralKey":"BT1ISRM3fhfQJS0hB+8Zr38t2Qgp+a41fjh7eO8Jjykv","previousCounter":0,"rootKey":"Hpuo5DIJZ5H7FSAzLsSoFDFNanRVbCn9kmKKMe+g5Po="},"indexInfo":{"baseKey":"Baw+MvTPDsb+9xYlac2PPvNf2O3eN2lEAWg7iCvRm9l2","baseKeyType":1,"closed":-1,"used":1753549481855,"created":1753549481855,"remoteIdentityKey":"BeTDM6PJPkNQNwUUODcSxUsJH/sFkZhB13v78MpdFFkx"},"_chains":{"BfswjNYL9NAyGjUgonPrIaAXgtZRKIR10m5/o6UZSgde":{"chainKey":{"counter":0,"key":"cM2dzbMq/GxuwjunJUyT7CVM1tdEGul/WkjdSAX4a8I="},"chainType":1,"messageKeys":{}}},"pendingPreKey":{"signedKeyId":10,"baseKey":"Baw+MvTPDsb+9xYlac2PPvNf2O3eN2lEAWg7iCvRm9l2","preKeyId":15973453}}},"version":"v1"}