{"_sessions":{"BQcW7ilKIalQdunnC2mb9XTsqEfa3R3lFYmPlDS1aoNG":{"registrationId":1636104053,"currentRatchet":{"ephemeralKeyPair":{"pubKey":"BWqjnK1lr3MfFNOgOoc5mHszMrnKhjUXMPL5Pg1mDQkw","privKey":"kCXZTvyk4xSpv33k1XmPgRhzfbmOlJHW3reM6u/Mr34="},"lastRemoteEphemeralKey":"BYhI6NWOmJZApln7Z7vCOD3GKexMC65FXbyZzVUnxtlt","previousCounter":0,"rootKey":"qseE5Bd33ZUriY9dwiKg1lWd/xHKCOOnJsk5sYNIvV0="},"indexInfo":{"baseKey":"BQcW7ilKIalQdunnC2mb9XTsqEfa3R3lFYmPlDS1aoNG","baseKeyType":1,"closed":-1,"used":1753549481865,"created":1753549481865,"remoteIdentityKey":"BdZnVycP4VSm4PUlqwuwZgkJfRNXR5Wpq6Sm15TE0+1u"},"_chains":{"BWqjnK1lr3MfFNOgOoc5mHszMrnKhjUXMPL5Pg1mDQkw":{"chainKey":{"counter":0,"key":"+d80GzNqzzdvcWwzn1rjx4YlnIOrHW589zq7x5ZbqWc="},"chainType":1,"messageKeys":{}}},"pendingPreKey":{"signedKeyId":10,"baseKey":"BQcW7ilKIalQdunnC2mb9XTsqEfa3R3lFYmPlDS1aoNG"}}},"version":"v1"}