{"_sessions":{"Ba8YolBSI7jal8MI52eqPWtEQFqgvH+RxKe4cXwUbhMu":{"registrationId":1086774725,"currentRatchet":{"ephemeralKeyPair":{"pubKey":"BVplmKGwK3DbQ7qlQr7QrUlBVePtD1HOaczg62JBEadn","privKey":"AOe6/DTD5W91/Y+pjH1JMbNGAjaK1guOhfqV0IX+FmE="},"lastRemoteEphemeralKey":"BUJJZaHznXhpeRZ3FJgfKp8z+cHahAu1YDAEYtbCTE9V","previousCounter":0,"rootKey":"hCqBoJPdkoJ6L7qANZ3qcKVv+Su9+EehocKctF6N4Sg="},"indexInfo":{"baseKey":"Ba8YolBSI7jal8MI52eqPWtEQFqgvH+RxKe4cXwUbhMu","baseKeyType":2,"closed":-1,"used":1753455857480,"created":1753455857480,"remoteIdentityKey":"BbFdQ7DfM+HV256Srt35KDx6zNZpp2VDA2Y3MGTlI/dh"},"_chains":{"BUJJZaHznXhpeRZ3FJgfKp8z+cHahAu1YDAEYtbCTE9V":{"chainKey":{"counter":0,"key":"wOoW9ghRO4Nposhj10tUyQ8/EX6+j2ndkOG0z7Key7M="},"chainType":2,"messageKeys":{}},"BVplmKGwK3DbQ7qlQr7QrUlBVePtD1HOaczg62JBEadn":{"chainKey":{"counter":0,"key":"KimgBHHJ2t6och0mUxILejADp/qLqmTKcXiJlHkyALs="},"chainType":1,"messageKeys":{}}}}},"version":"v1"}