{"_sessions":{"BZQQ0SdeKLHFZsFvAOSrKAc2rUY2ED+Xa8llsN8XJBEi":{"registrationId":1216772024,"currentRatchet":{"ephemeralKeyPair":{"pubKey":"BT9eFm0a7NSApEUOpl74XpjadpN+IdAS2IBWAdejskR6","privKey":"EJxVlWu6JMceMrQtphx+VcyPvyaY13FLUr5tZzEPQnY="},"lastRemoteEphemeralKey":"BYo4AeMxnJYWb8R17COEsYbZrMdmpWGjLGOdCZiT9EkX","previousCounter":0,"rootKey":"821TYLcoyOjV8Ux/JCEVrOc2VC5y0aToAXVoUJBrQUo="},"indexInfo":{"baseKey":"BZQQ0SdeKLHFZsFvAOSrKAc2rUY2ED+Xa8llsN8XJBEi","baseKeyType":1,"closed":-1,"used":1753549481943,"created":1753549481943,"remoteIdentityKey":"BeaLqQX1pTjwQ3TixKCFbbEB+E3bWBzkcV9p+dUeRAcZ"},"_chains":{"BT9eFm0a7NSApEUOpl74XpjadpN+IdAS2IBWAdejskR6":{"chainKey":{"counter":0,"key":"5Fuq9/2PiIzRQbCtsoUVOBOgB/aqMvatkSMscIm2EYE="},"chainType":1,"messageKeys":{}}},"pendingPreKey":{"signedKeyId":10,"baseKey":"BZQQ0SdeKLHFZsFvAOSrKAc2rUY2ED+Xa8llsN8XJBEi","preKeyId":9629921}}},"version":"v1"}