{"_sessions":{"BfiJ04K86/Zs0UmKgz/IZMKLQJpuC0caRR+s2/oprvwx":{"registrationId":1931919207,"currentRatchet":{"ephemeralKeyPair":{"pubKey":"BYerGxPhcR1nmkAaUt3a1drkm/61NpRMVQDZtE9iYU0M","privKey":"YB7R4uPLcPFKV7TunE2TIoaNiUtLnm22meT7z3M3GVU="},"lastRemoteEphemeralKey":"BYw4PtJD22cxNcVeSRf4LnkGquRmB5f3AfAYW4G3KUpF","previousCounter":0,"rootKey":"CrIYr1xBx5y3dsEmGR7+lgbbIeviJC3JiqDyJbOK3xA="},"indexInfo":{"baseKey":"BfiJ04K86/Zs0UmKgz/IZMKLQJpuC0caRR+s2/oprvwx","baseKeyType":1,"closed":-1,"used":1753549481729,"created":1753549481729,"remoteIdentityKey":"BS8V3E3wTLMW1maH73OaPrbp0n46VBhRlO+m6nJQetVC"},"_chains":{"BYerGxPhcR1nmkAaUt3a1drkm/61NpRMVQDZtE9iYU0M":{"chainKey":{"counter":0,"key":"Dh3J/6Qcm/JWlcgRUQWmNuB2YbTWGcIvR27aFNwLQYE="},"chainType":1,"messageKeys":{}}},"pendingPreKey":{"signedKeyId":6,"baseKey":"BfiJ04K86/Zs0UmKgz/IZMKLQJpuC0caRR+s2/oprvwx"}}},"version":"v1"}