{"_sessions":{"BZ94mJMplpr42ydmx6yiLekF19hWfgG+hW0QeQPK5BNa":{"registrationId":356402485,"currentRatchet":{"ephemeralKeyPair":{"pubKey":"BSAFN9m/PffE7hDIO0TQ2F4/wQprvC31NkEqEQ2DXe8q","privKey":"0NLZbtPfZwnSoE2JGdaJCIv1ATot+UxGwB/MOjYY8mQ="},"lastRemoteEphemeralKey":"BdA+CiUeHzSHN6Bkv1qNCkVuJoAwmoRPf+3RMQHeVNlO","previousCounter":0,"rootKey":"uhhdaL2Out7sAA8HU07rbp8/6mnu6f/6vpnNtkYeUz4="},"indexInfo":{"baseKey":"BZ94mJMplpr42ydmx6yiLekF19hWfgG+hW0QeQPK5BNa","baseKeyType":1,"closed":-1,"used":1753549481959,"created":1753549481959,"remoteIdentityKey":"Bbe3llzSR0/ep30XqUotJTWhXN5IThb9PqHyyjihozJ1"},"_chains":{"BSAFN9m/PffE7hDIO0TQ2F4/wQprvC31NkEqEQ2DXe8q":{"chainKey":{"counter":0,"key":"TGs71mDZLnV8S7MyeVvPfYlxADoGXkLcZAPu1s+qhwk="},"chainType":1,"messageKeys":{}}},"pendingPreKey":{"signedKeyId":4,"baseKey":"BZ94mJMplpr42ydmx6yiLekF19hWfgG+hW0QeQPK5BNa","preKeyId":7348691}}},"version":"v1"}