{"_sessions":{"BXEI2NM8xUgkgSFoH2ElAGd1Ux+z382zBJyrXzhk64JU":{"registrationId":3362,"currentRatchet":{"ephemeralKeyPair":{"pubKey":"Bcfzdq81Ek0EPkBx8V5g/2BpjESQTILel4hiV4GL221e","privKey":"qMXB6DSa2r6eoRvCFqX59YTFmgL6BH4/L47qI8DFqHE="},"lastRemoteEphemeralKey":"BeMBA3xdJep0EBFlxWFUDiGclflupIs6IBprkbc+V2oB","previousCounter":0,"rootKey":"lLt7u+awW37H8gdco/d5dZ9TB0V+NQtEmPxNU7L3LfA="},"indexInfo":{"baseKey":"BXEI2NM8xUgkgSFoH2ElAGd1Ux+z382zBJyrXzhk64JU","baseKeyType":1,"closed":-1,"used":1753549482462,"created":1753549482462,"remoteIdentityKey":"BYejLm5dVrpBIm9gdOxiIiZouwl6N4YNrB7kWakBObI0"},"_chains":{"Bcfzdq81Ek0EPkBx8V5g/2BpjESQTILel4hiV4GL221e":{"chainKey":{"counter":0,"key":"oI8gRIWKXncHJanZT3f4PotJmGWFu03WkDvaxIJt9ko="},"chainType":1,"messageKeys":{}}},"pendingPreKey":{"signedKeyId":1,"baseKey":"BXEI2NM8xUgkgSFoH2ElAGd1Ux+z382zBJyrXzhk64JU"}}},"version":"v1"}