{"_sessions":{"BSLuQL6rurDF5OjUUYB9pxS6V8erZQy+30hrZJBSLl1x":{"registrationId":2128342128,"currentRatchet":{"ephemeralKeyPair":{"pubKey":"BVz0I+cSGIjtl+xZGxiVZE4LVC+bTazjsMAQmLtU9gYk","privKey":"+L6k0xCzbY7j654RYStZ/jQgRDswLwI9BxLHNLW9I1U="},"lastRemoteEphemeralKey":"BRq1yIuuepaYx+5aPi3WDxhunkx0NuURyOUDiXXQjJMf","previousCounter":0,"rootKey":"yZFXXXcd6vDhMfjdBpGp4ueqDdwzaYEIN1VjE2LWr14="},"indexInfo":{"baseKey":"BSLuQL6rurDF5OjUUYB9pxS6V8erZQy+30hrZJBSLl1x","baseKeyType":1,"closed":-1,"used":1753549481911,"created":1753549481911,"remoteIdentityKey":"BeZAF4Tosjl+hEOnjBlHzg+pSK/F0DyVgtv5Aylmuy8y"},"_chains":{"BVz0I+cSGIjtl+xZGxiVZE4LVC+bTazjsMAQmLtU9gYk":{"chainKey":{"counter":0,"key":"9dYg39oAhb8VSlCj5LbK/0seLwGWnxf8X/q6CyjWJcY="},"chainType":1,"messageKeys":{}}},"pendingPreKey":{"signedKeyId":7,"baseKey":"BSLuQL6rurDF5OjUUYB9pxS6V8erZQy+30hrZJBSLl1x","preKeyId":14742785}}},"version":"v1"}