{"_sessions":{"BSUtGF2rAQBlVY2sErm623/oIoEYxzGPpFFZm2prmkc4":{"registrationId":1628074883,"currentRatchet":{"ephemeralKeyPair":{"pubKey":"BZ4HMJvG+gjH4fdRmZq/YnlZbhTgYqSaa8CT+A0O34Y7","privKey":"MOetRYBG1B8aUNvYZtBB3xkizsFqgaJQCO20fqlKKUM="},"lastRemoteEphemeralKey":"BTJWGHJvCGQtOqPadwf6Xv8pnDEUFuZaHG5bLT2yt1Uw","previousCounter":0,"rootKey":"9Z6UC3nXCG0RVwISnIAdQIE/VrX7cJFxGlBrTaK1eYA="},"indexInfo":{"baseKey":"BSUtGF2rAQBlVY2sErm623/oIoEYxzGPpFFZm2prmkc4","baseKeyType":1,"closed":-1,"used":1753549481892,"created":1753549481892,"remoteIdentityKey":"BUsNKzgVRlBk89IyxufaISNmhKejesrmoadolmIuug9r"},"_chains":{"BZ4HMJvG+gjH4fdRmZq/YnlZbhTgYqSaa8CT+A0O34Y7":{"chainKey":{"counter":0,"key":"UW1Nyiw5M1B6NpavKhuvmljLPQgbYZWvid0sfxD7J+E="},"chainType":1,"messageKeys":{}}},"pendingPreKey":{"signedKeyId":0,"baseKey":"BSUtGF2rAQBlVY2sErm623/oIoEYxzGPpFFZm2prmkc4","preKeyId":6903138}}},"version":"v1"}