{"_sessions":{"BZC7f0ZqNOYce4FLpYsm1Po1nWJuiixv6xpKoCIJ4ml6":{"registrationId":1342068140,"currentRatchet":{"ephemeralKeyPair":{"pubKey":"BdBCF66br8//sotSkTMYHwAId5oiyrJNUZnW0WB8VlJa","privKey":"OH9mZ13rYA8TMW2L7V1khEeWZ6Tx3DQtC48R7APWcG8="},"lastRemoteEphemeralKey":"BdsQHJa/qvY8JoW0tTW9dPbUgFhwtrYpyGutXoxf7P8H","previousCounter":0,"rootKey":"EU0MW2l7T+3d8U0wf3bTSlLRgTwKsrKroFMt+8BKr+c="},"indexInfo":{"baseKey":"BZC7f0ZqNOYce4FLpYsm1Po1nWJuiixv6xpKoCIJ4ml6","baseKeyType":1,"closed":-1,"used":1753549481841,"created":1753549481841,"remoteIdentityKey":"Bf+mIbSUajhXJJ8JmPtJb4ECGtreZX+PBbNj94wstQ02"},"_chains":{"BdBCF66br8//sotSkTMYHwAId5oiyrJNUZnW0WB8VlJa":{"chainKey":{"counter":0,"key":"fuhDY0mX7RMoQMbaXCknJP5GBwbeB+Q3n3CIUJBLhLc="},"chainType":1,"messageKeys":{}}},"pendingPreKey":{"signedKeyId":2,"baseKey":"BZC7f0ZqNOYce4FLpYsm1Po1nWJuiixv6xpKoCIJ4ml6","preKeyId":15958087}}},"version":"v1"}