{"_sessions":{"BdMRoMMdA3IuIxC/Sc2eolQ8s6KEHvtB/uEZzPu3Pu12":{"registrationId":1340912099,"currentRatchet":{"ephemeralKeyPair":{"pubKey":"BWLF8Ug3ALk3vHmeIS3pbbUUc7u6WpNCMT3ZgHNfb6l9","privKey":"eLoKXl1F/1UgJ9WwFM4ts58H+QDAYlbq9OICpKUdTmc="},"lastRemoteEphemeralKey":"BUQOugjM71DNpunCKjE/QehoW27SgnyKCW0U37yeVOcj","previousCounter":0,"rootKey":"1WAAu+1VdCoUrPWr9t/J3x/EtmYXhq3vKQE5+cKNd/g="},"indexInfo":{"baseKey":"BdMRoMMdA3IuIxC/Sc2eolQ8s6KEHvtB/uEZzPu3Pu12","baseKeyType":2,"closed":-1,"used":1753469084132,"created":1753469084132,"remoteIdentityKey":"BdF0Nrn4X+3qkoqRDJ58tlUaMxQKfUQz4AHHBtBQhcFw"},"_chains":{"BUQOugjM71DNpunCKjE/QehoW27SgnyKCW0U37yeVOcj":{"chainKey":{"counter":2,"key":"rhF/SToWBUqfDXHSt/VdujYs5WXB7ioKicgyxMX7V6Q="},"chainType":2,"messageKeys":{}},"BWLF8Ug3ALk3vHmeIS3pbbUUc7u6WpNCMT3ZgHNfb6l9":{"chainKey":{"counter":-1,"key":"le8Y6Dh5Ge/cUtbg+LxyoGVCGn0A1GBuk6ebx2Q4YDk="},"chainType":1,"messageKeys":{}}}}},"version":"v1"}