{"_sessions":{"BVom9C1IbOTDakdQaAP9ekAU8FCc4cx6aNNAQEmjTrc/":{"registrationId":11136,"currentRatchet":{"ephemeralKeyPair":{"pubKey":"BdpagXuLZNXpLaDIG8EVyYJ6pvCNIhvuGAk7xJPHlugt","privKey":"OGx1URAFjk1XO8y3IoalnJsxK1MUhzdtAdaQN2bY2Fc="},"lastRemoteEphemeralKey":"BWkzGaSAAamXUgU7e/M68ghIEvLJ3YuJlwYQGNHwWB55","previousCounter":0,"rootKey":"jUqIlqKMaPyhcdgRTEU1VwLf91ZFO6cSBDUn7s+n3+k="},"indexInfo":{"baseKey":"BVom9C1IbOTDakdQaAP9ekAU8FCc4cx6aNNAQEmjTrc/","baseKeyType":1,"closed":-1,"used":1753549482489,"created":1753549482489,"remoteIdentityKey":"Ba7UQZLQKrCMK7JfdFXjSPZnlwAUbrEB5yDu1CAdLDRY"},"_chains":{"BdpagXuLZNXpLaDIG8EVyYJ6pvCNIhvuGAk7xJPHlugt":{"chainKey":{"counter":0,"key":"fBE6QfOaW/aRf+yihAucCrZn76liykeweP1SEXa0OHY="},"chainType":1,"messageKeys":{}}},"pendingPreKey":{"signedKeyId":1,"baseKey":"BVom9C1IbOTDakdQaAP9ekAU8FCc4cx6aNNAQEmjTrc/"}}},"version":"v1"}