{"_sessions":{"BQDXaKy4MAjnisfNJrnx0P7M40oYWtiRTUvuMF821dUJ":{"registrationId":86842353,"currentRatchet":{"ephemeralKeyPair":{"pubKey":"BURrdlR3L8/Ptu73KTR2PgWLrzrsJMmWcEWL5/F0AuRW","privKey":"0E12Yax9WWVzXxkzLTctOqzsnuqP/Cuvru1cDu6GPnc="},"lastRemoteEphemeralKey":"BY6uXhQltAoedCECAPNMb8nkRfFKwFv6utsrETgoaKIQ","previousCounter":0,"rootKey":"iF+Mfvrx08FkCkIPzts/lPJ/khP2JFDsckIgSRW79yY="},"indexInfo":{"baseKey":"BQDXaKy4MAjnisfNJrnx0P7M40oYWtiRTUvuMF821dUJ","baseKeyType":2,"closed":-1,"used":1753455862823,"created":1753455862823,"remoteIdentityKey":"Bc6fJFyceRzLF0ygEmwHRTnvSb09Dx+yhU4jTv2fuHok"},"_chains":{"BY6uXhQltAoedCECAPNMb8nkRfFKwFv6utsrETgoaKIQ":{"chainKey":{"counter":3,"key":"xt5Sb5asr6z1j/EK70Z5OvOdHxwd7rvmZNF6crdebUg="},"chainType":2,"messageKeys":{}},"BURrdlR3L8/Ptu73KTR2PgWLrzrsJMmWcEWL5/F0AuRW":{"chainKey":{"counter":-1,"key":"L7yz2x8eZ7gnoU09aCRbNvuYPDpTh7w443xjz0za2kQ="},"chainType":1,"messageKeys":{}}}}},"version":"v1"}