{"_sessions":{"BS/Rbs+rd1cKL0iBFxdsWaN5wirszozkNPP+xod7IOlV":{"registrationId":603787504,"currentRatchet":{"ephemeralKeyPair":{"pubKey":"BanSoq3iZCt+ZgquOClJtLthxfAZolSk3zDuS5w4o7Qt","privKey":"YM8EBz1ShQ6lAruKmaKzXL1cID8DVoSRATGZUDPRzHg="},"lastRemoteEphemeralKey":"BfYES2caAnOd2DcaI6lPQnxPvPIGUtB7cGoPVaCw0WoU","previousCounter":0,"rootKey":"CvsRjeOaFSqylDsJlAd+PKMLaVcPdnZlprTVsdKVaqk="},"indexInfo":{"baseKey":"BS/Rbs+rd1cKL0iBFxdsWaN5wirszozkNPP+xod7IOlV","baseKeyType":1,"closed":-1,"used":1753636640533,"created":1753549090855,"remoteIdentityKey":"BTgSFtzadn803argyVHyWjLck0R6/6rcFb9+UAvQKGgw"},"_chains":{"BfYES2caAnOd2DcaI6lPQnxPvPIGUtB7cGoPVaCw0WoU":{"chainKey":{"counter":3,"key":"dK//GJ11DAeSzpOmNvqoLB4ecVhWrh4T+BRZQOZlxx4="},"chainType":2,"messageKeys":{}},"BanSoq3iZCt+ZgquOClJtLthxfAZolSk3zDuS5w4o7Qt":{"chainKey":{"counter":-1,"key":"rZA78bsyvT1zU0k1Ch14uUGFPxXNdIXUSf+j8DcB6Oc="},"chainType":1,"messageKeys":{}}}}},"version":"v1"}