{"_sessions":{"BVpl2HQEhh5QS1Aj1mhFMk6+drkE1A/yHLLc3YgdX+sg":{"registrationId":913349945,"currentRatchet":{"ephemeralKeyPair":{"pubKey":"BXUVKbYXQZhkeJ5Per8Bm5GTa/f8kYatNt3WBe7Jv7pA","privKey":"EKMZ6oO2FkNFVWBnLwr4LWncS/FMfpQDqg0Y4vFronk="},"lastRemoteEphemeralKey":"BQwlXHe0epuky7LakRrIPGH/94OD8I649uifgHRpoXNy","previousCounter":0,"rootKey":"1sSptSNxlYX/Kq4ixN7GgsKtFXZpuedBhM1OGT9aYEo="},"indexInfo":{"baseKey":"BVpl2HQEhh5QS1Aj1mhFMk6+drkE1A/yHLLc3YgdX+sg","baseKeyType":1,"closed":-1,"used":1753549481763,"created":1753549481763,"remoteIdentityKey":"BZN4ZVSVAEhVE5oTNTDneEmy7R2BHARw80Nwy+JUgP4h"},"_chains":{"BXUVKbYXQZhkeJ5Per8Bm5GTa/f8kYatNt3WBe7Jv7pA":{"chainKey":{"counter":0,"key":"2xzop6d5FxkwA5kFReu0NUWmAXpR8UCATp2mTw6ySQA="},"chainType":1,"messageKeys":{}}},"pendingPreKey":{"signedKeyId":0,"baseKey":"BVpl2HQEhh5QS1Aj1mhFMk6+drkE1A/yHLLc3YgdX+sg","preKeyId":5207409}}},"version":"v1"}