{"_sessions":{"BQaS52eoKMAw2yC/Nhz6ePMqcaeM6TWcxJUMgtbpMUU0":{"registrationId":1142646569,"currentRatchet":{"ephemeralKeyPair":{"pubKey":"BU6g5POK4DS4QIKMcqYoBEXrQGjLIGDD0cKk+nnf7bJ1","privKey":"CHjhffnGe2vd1j5k7zfx7EDmdf6PaUNwpyCgc8An3Xw="},"lastRemoteEphemeralKey":"BTt49tUu9xuGXqDxxB2oiCH/Gx7BbKYj0MlVLLM7gStq","previousCounter":0,"rootKey":"hc9AFb9RZDkhHs/4QEBqSiM3YWxEvpzrWkNweAEIb+o="},"indexInfo":{"baseKey":"BQaS52eoKMAw2yC/Nhz6ePMqcaeM6TWcxJUMgtbpMUU0","baseKeyType":2,"closed":-1,"used":1753474488391,"created":1753474488391,"remoteIdentityKey":"BfM6S+DCx0WqCrDhBIE9qbrhP2I4Sy6QaHcR+qB9Sp8S"},"_chains":{"BTt49tUu9xuGXqDxxB2oiCH/Gx7BbKYj0MlVLLM7gStq":{"chainKey":{"counter":1,"key":"LAiRWwFy9O+sqKLAeEOp/ujFzEi5Inzitgkk5S1d7RY="},"chainType":2,"messageKeys":{}},"BU6g5POK4DS4QIKMcqYoBEXrQGjLIGDD0cKk+nnf7bJ1":{"chainKey":{"counter":-1,"key":"JSbRYkSlXE6P/NTU2dplrBcYLlIlau6b0HGV8dkHk10="},"chainType":1,"messageKeys":{}}}}},"version":"v1"}