{"_sessions":{"Be2jensOyrltUsPexAJ1Gslq5VQrLMpNzbHjKrkOxfAh":{"registrationId":737765103,"currentRatchet":{"ephemeralKeyPair":{"pubKey":"BcSRF+4tkT6JVrbfNJVwTjegk/bZOrGbs78v7BmtqEcu","privKey":"6E/eEWInMt88RstAnc+hNv3jj8rkCyC3oYaiuPFN33s="},"lastRemoteEphemeralKey":"BZwgxc5AyyibmfVDYtBn7JH91ML1Yhb2yiVG7HS73NVD","previousCounter":0,"rootKey":"orMw7Epo9RtC3HgNYiIuz7QOqoyFnJrhhYJYOUfYKNo="},"indexInfo":{"baseKey":"Be2jensOyrltUsPexAJ1Gslq5VQrLMpNzbHjKrkOxfAh","baseKeyType":1,"closed":-1,"used":1753549481777,"created":1753549481777,"remoteIdentityKey":"BQ5fFtOt7VNyUn7iYAauE5+uBV5Wilo9au91yoQaaW1o"},"_chains":{"BcSRF+4tkT6JVrbfNJVwTjegk/bZOrGbs78v7BmtqEcu":{"chainKey":{"counter":0,"key":"9EVlaVRBooe0H+1eh1FVeTSSqvBuU5JwAk/IEmz2yvc="},"chainType":1,"messageKeys":{}}},"pendingPreKey":{"signedKeyId":3,"baseKey":"Be2jensOyrltUsPexAJ1Gslq5VQrLMpNzbHjKrkOxfAh","preKeyId":16117202}}},"version":"v1"}