{"_sessions":{"BYRD4neGaiNNOj0dEiG6PBIscLDnWeJCeWOnQ4BoX59Y":{"registrationId":124353003,"currentRatchet":{"ephemeralKeyPair":{"pubKey":"BYgR3bBfah4Qqz8BE5NGkIItn8/11SkDoeCamMjIPbdc","privKey":"4FZFnb6jkPp/KHO5obGf5f89aqgnq+F+QKrFBYCYWX0="},"lastRemoteEphemeralKey":"BZ3IvnDMEGfar6dPwh5nQlSjHfQPg3hjLODVBnoHhp82","previousCounter":0,"rootKey":"8uE9g3Hmm0LFlP0U5zdBAwHykQeZeAN415w70m2i3JY="},"indexInfo":{"baseKey":"BYRD4neGaiNNOj0dEiG6PBIscLDnWeJCeWOnQ4BoX59Y","baseKeyType":2,"closed":1753542573528,"used":1753474531059,"created":1753474531058,"remoteIdentityKey":"BV75EPXKUqsM49YH1C7qrGF9zkB1ieFUQ2tWMnDR7mxn"},"_chains":{"BZ3IvnDMEGfar6dPwh5nQlSjHfQPg3hjLODVBnoHhp82":{"chainKey":{"counter":0,"key":"41IyEvmSaaxFqZtXzv25+3t0+xGN+5hWwQUcoS+u7sI="},"chainType":2,"messageKeys":{}},"BYgR3bBfah4Qqz8BE5NGkIItn8/11SkDoeCamMjIPbdc":{"chainKey":{"counter":1,"key":"2673JBDM+SBaMQJxBqUwJX+6ZbcUdcnsdPbTpO/S7Sg="},"chainType":1,"messageKeys":{}}}},"BQYiaAVRQCvjqc3jTYj6EIwL60/EUqYNDBOGamKzog8x":{"registrationId":124353003,"currentRatchet":{"ephemeralKeyPair":{"pubKey":"BeuryRdQLEHuLdFw0Z7GPehmDZ/qkoUZX0Pt8r+nRSFk","privKey":"SKasYPe5z44RXHNCFzq55Gwz4O5YqK5OJUiKSFnvNFw="},"lastRemoteEphemeralKey":"BbtoGvepQc7ire3VOAJ812BRGEsm2n/7MbcX0v7nLjV8","previousCounter":1,"rootKey":"Y14ml1ssQYlw/KsJu9HWbxTJAgY3fyrDMZZ8iVfciwU="},"indexInfo":{"baseKey":"BQYiaAVRQCvjqc3jTYj6EIwL60/EUqYNDBOGamKzog8x","baseKeyType":2,"closed":-1,"used":1753542585601,"created":1753542573535,"remoteIdentityKey":"BV75EPXKUqsM49YH1C7qrGF9zkB1ieFUQ2tWMnDR7mxn"},"_chains":{"BXbiREG3kbJEO0FtJxUy77Wk2yQ+6HpKKkinShp6nnsu":{"chainKey":{"counter":0},"chainType":2,"messageKeys":{}},"BbtoGvepQc7ire3VOAJ812BRGEsm2n/7MbcX0v7nLjV8":{"chainKey":{"counter":1,"key":"ElWwTzDJAT1vwAwvsxrBe025HbXEwMxg6mm1t8ptUiM="},"chainType":2,"messageKeys":{}},"BeuryRdQLEHuLdFw0Z7GPehmDZ/qkoUZX0Pt8r+nRSFk":{"chainKey":{"counter":0,"key":"vS7AHXTK9J4q7b868rIMzSwApia7kfbG2ArtKiKpg48="},"chainType":1,"messageKeys":{}}}}},"version":"v1"}