{"_sessions":{"BT4VUFwE3hpOYH5Un8eXhlONwj3ywzieqvdvAYob8AEY":{"registrationId":13662,"currentRatchet":{"ephemeralKeyPair":{"pubKey":"BYWbUCID2nnUS4mks2Tj5wD/1csbskCq6kvnlrFGx5Ei","privKey":"iK40mPKVQIDoYIWNnV4uGXAxAkSQLFTegf9c9fhyOEY="},"lastRemoteEphemeralKey":"Baq5w6SNZ7eGLMA5g/yhuLc8Hpa5df1jpMAqWh0wlVQy","previousCounter":0,"rootKey":"07b8yBktEzULVcuZYsqBXaGyzKSBQYdYIdPrA0wnUcs="},"indexInfo":{"baseKey":"BT4VUFwE3hpOYH5Un8eXhlONwj3ywzieqvdvAYob8AEY","baseKeyType":1,"closed":-1,"used":1753549482013,"created":1753549482013,"remoteIdentityKey":"BdDfUwyqIx34M1WUtfAt1gdU0bNe42GqNQRDGOKJpB07"},"_chains":{"BYWbUCID2nnUS4mks2Tj5wD/1csbskCq6kvnlrFGx5Ei":{"chainKey":{"counter":0,"key":"EGoOwF+nXHxQ67BfBt+ImlCxuwXOv7+3OKRy2jQOB+U="},"chainType":1,"messageKeys":{}}},"pendingPreKey":{"signedKeyId":3,"baseKey":"BT4VUFwE3hpOYH5Un8eXhlONwj3ywzieqvdvAYob8AEY","preKeyId":1933}}},"version":"v1"}