{"_sessions":{"BVDEgEbNDdbeZtFShsrZdTWw5Xc1iMVqhHmLMxGHJCk4":{"registrationId":389841531,"currentRatchet":{"ephemeralKeyPair":{"pubKey":"BSSew0QlqQbGS2jZBjF4miy2S+/FxmXeUsf9Wb+U8okv","privKey":"ENEgGUsM5g0zYeHegdnoc4cp/+jlWpN/t+JD+FZ05lQ="},"lastRemoteEphemeralKey":"BSmabRtuqiVWVcibbbfMypCha3QFwl2A+akKgp8tIwU1","previousCounter":0,"rootKey":"DxBERoz8xxvHvVAotkmcP9hhk+x6S4Db3qNW4u07D1I="},"indexInfo":{"baseKey":"BVDEgEbNDdbeZtFShsrZdTWw5Xc1iMVqhHmLMxGHJCk4","baseKeyType":2,"closed":-1,"used":1753455844299,"created":1753455844299,"remoteIdentityKey":"Bf+b2x61K+obKOaZvxyWyvfsxHE1CtGWLtP3VCmSqpNp"},"_chains":{"BSmabRtuqiVWVcibbbfMypCha3QFwl2A+akKgp8tIwU1":{"chainKey":{"counter":5,"key":"xUd5mOUBzZaW3dxlxknTmTb7cwJL1n1t4bUxBvWDE4o="},"chainType":2,"messageKeys":{}},"BSSew0QlqQbGS2jZBjF4miy2S+/FxmXeUsf9Wb+U8okv":{"chainKey":{"counter":126,"key":"xKqluQM1pqUcCCJLio/gBFpfFjpd1bJxpaA2UvGO4LY="},"chainType":1,"messageKeys":{}}}}},"version":"v1"}