{"_sessions":{"BbDGoi7cAw9ONE+nNI0fmVioJv3jsgg+ryrfsOKlY1lR":{"registrationId":837966089,"currentRatchet":{"ephemeralKeyPair":{"pubKey":"BakMlel297jq4CQnGUhBOwEXUTZzqaF6KP9Z6CdECQdx","privKey":"ML3vLEqq993Cj3hKeSEZRZUE7liZzvQO9PAOFdbrqFE="},"lastRemoteEphemeralKey":"BdEpk4yenvhHiAX3cWnk1a3WsMY3BB/FN2VrO8SUqBAa","previousCounter":0,"rootKey":"FdzrZAYrJHi38O/gBq31kqbTL5rZeAZe2ClZiLlFwqo="},"indexInfo":{"baseKey":"BbDGoi7cAw9ONE+nNI0fmVioJv3jsgg+ryrfsOKlY1lR","baseKeyType":1,"closed":-1,"used":1753549481746,"created":1753549481746,"remoteIdentityKey":"BceCV54OHjpZAimB2xhF8Za0fPrT7T7NvMz5yvF/BGEp"},"_chains":{"BakMlel297jq4CQnGUhBOwEXUTZzqaF6KP9Z6CdECQdx":{"chainKey":{"counter":0,"key":"e8LJE9KCXiv03ybxKzzHblywmYpT166Bh1bEuGJS/3g="},"chainType":1,"messageKeys":{}}},"pendingPreKey":{"signedKeyId":3,"baseKey":"BbDGoi7cAw9ONE+nNI0fmVioJv3jsgg+ryrfsOKlY1lR","preKeyId":5275270}}},"version":"v1"}