{"_sessions":{"BQVLS3pLdWyMqdTXvHmxT/DzRoHWkrpr2/AvYAtq0DBz":{"registrationId":1658283995,"currentRatchet":{"ephemeralKeyPair":{"pubKey":"BZOGJtPP7PUNxB7xVEZ2CIJJW2u5Hktyc24OxHPJqXQ3","privKey":"4EUhKwLzJQPssW+/MPnb4MtVz3ZMewxQ8xDny/wW62w="},"lastRemoteEphemeralKey":"BVPUouF0Xwyc8bYsfevx6m/3SzRAy/HcYqlhErx+C2YQ","previousCounter":0,"rootKey":"cFpApztrnCW5WBD3tlQazKXuVpfV+t1grCCHaL9vPZY="},"indexInfo":{"baseKey":"BQVLS3pLdWyMqdTXvHmxT/DzRoHWkrpr2/AvYAtq0DBz","baseKeyType":1,"closed":-1,"used":1753549481889,"created":1753549481889,"remoteIdentityKey":"BV5R9ziWERfJPrFn00wF9uSc8MK52NXRe2Xas5bjuy1y"},"_chains":{"BZOGJtPP7PUNxB7xVEZ2CIJJW2u5Hktyc24OxHPJqXQ3":{"chainKey":{"counter":0,"key":"Zyq3vgf/OtAj0qENTHk39PmuFGE2wyARjb4B5zCscTE="},"chainType":1,"messageKeys":{}}},"pendingPreKey":{"signedKeyId":4,"baseKey":"BQVLS3pLdWyMqdTXvHmxT/DzRoHWkrpr2/AvYAtq0DBz"}}},"version":"v1"}