{"_sessions":{"BRItrhi7KoH8EtnHzuZRKS3Pf/Liq2gF4XuIdL02+I1i":{"registrationId":269644995,"currentRatchet":{"ephemeralKeyPair":{"pubKey":"BfjIoCXeLZc0VcQBJgU1UxAVSogbvWQBpuL4q+3g9Z0J","privKey":"eLYXgG1hKkcgqC/0EG1krQ5qgWrgBvnZP5i/aLdIaH4="},"lastRemoteEphemeralKey":"BUIBt42TKmWTDvA8HrB5PCn1FyEfSPE/3O/X8dGbo7Yt","previousCounter":0,"rootKey":"rD/hrf9bQSFeWZ1+Wb+bAQ4OtW9dqmzM3KjNWsVhI/8="},"indexInfo":{"baseKey":"BRItrhi7KoH8EtnHzuZRKS3Pf/Liq2gF4XuIdL02+I1i","baseKeyType":1,"closed":-1,"used":1753549481771,"created":1753549481771,"remoteIdentityKey":"BeBxIeTyXKVC6ieO63Qo/uogTkQtxeranzvGPbgYwOsT"},"_chains":{"BfjIoCXeLZc0VcQBJgU1UxAVSogbvWQBpuL4q+3g9Z0J":{"chainKey":{"counter":0,"key":"m+/XqGliSUoIwPGgiJYvEHiq6ZDTdVdVCitN5FcG8q8="},"chainType":1,"messageKeys":{}}},"pendingPreKey":{"signedKeyId":8,"baseKey":"BRItrhi7KoH8EtnHzuZRKS3Pf/Liq2gF4XuIdL02+I1i","preKeyId":2907403}}},"version":"v1"}