{"_sessions":{"BdRRXEQtvRsVAJfZZHyzcvlDuQMHx3xRXhyOjakFLz9a":{"registrationId":1771341493,"currentRatchet":{"ephemeralKeyPair":{"pubKey":"BUYF5UQ3c+4WbCozcq6XScuoJh+zbctnUA2wzyXkyb9Z","privKey":"UCzbeM78GIUImj5V+9HCNpaTP3MH0g5tdLpGM3zpTGU="},"lastRemoteEphemeralKey":"BdSsiR4ljbtR4teCI0MrI5U/WWNZ5JwvxpITiL0s4adZ","previousCounter":0,"rootKey":"LiB+ier6RS14Sk8c26CBNmUSWp63B3awFUX9Git+VPU="},"indexInfo":{"baseKey":"BdRRXEQtvRsVAJfZZHyzcvlDuQMHx3xRXhyOjakFLz9a","baseKeyType":1,"closed":-1,"used":1753549481924,"created":1753549481924,"remoteIdentityKey":"Be+GH/iroXoLdxkyB5jUpcN0YnhyV2SmnNErF8rcnjFM"},"_chains":{"BUYF5UQ3c+4WbCozcq6XScuoJh+zbctnUA2wzyXkyb9Z":{"chainKey":{"counter":0,"key":"8vCofOJFqpSm1jziWrtsOJbG+Tese3al7iOVT+uHQZQ="},"chainType":1,"messageKeys":{}}},"pendingPreKey":{"signedKeyId":11393683,"baseKey":"BdRRXEQtvRsVAJfZZHyzcvlDuQMHx3xRXhyOjakFLz9a","preKeyId":8724}}},"version":"v1"}