{"_sessions":{"BSFfWQtyIwspGAlx+JfR6BZAJMGOvglaH64qjAOIjfdI":{"registrationId":10271,"currentRatchet":{"ephemeralKeyPair":{"pubKey":"BZ4We8zGpQBE2bIpby5Z6SKav8LDESZlKGcB4kVbRw0T","privKey":"2LOGFhrOhaTUnYU5ZH4oVCg+7f2Aw0GG2cKyKpww/GA="},"lastRemoteEphemeralKey":"BUS6pnPXrUFX2BzByY5IX9qebEnb2Zil4lSymdAdJMFO","previousCounter":0,"rootKey":"y1z5Ls4VoOdlpqtFUlxIiMhfare+JQ0NWDXgWBudqBc="},"indexInfo":{"baseKey":"BSFfWQtyIwspGAlx+JfR6BZAJMGOvglaH64qjAOIjfdI","baseKeyType":1,"closed":-1,"used":1753549482497,"created":1753549482497,"remoteIdentityKey":"BcCuH7zlYeoFaOVqQJkba1T3xEhtcvO2Y0j8fxxBAkYN"},"_chains":{"BZ4We8zGpQBE2bIpby5Z6SKav8LDESZlKGcB4kVbRw0T":{"chainKey":{"counter":0,"key":"/Lxu4nc3R7eka3vZkovBOHm9L/HA4y7vpQOs/i+U3Zo="},"chainType":1,"messageKeys":{}}},"pendingPreKey":{"signedKeyId":1,"baseKey":"BSFfWQtyIwspGAlx+JfR6BZAJMGOvglaH64qjAOIjfdI","preKeyId":93}}},"version":"v1"}