{"_sessions":{"BQqr+z+ws784eDy7tgRPzX/N39Oz0gIeGUJdmQHFq/RT":{"registrationId":1787525001,"currentRatchet":{"ephemeralKeyPair":{"pubKey":"Bews6tHeeXoiipkCMMGsuPneHRmNDojgpQeUMN8KnIVX","privKey":"mAAqwmYt9hH3DjRxVhMQ5ROvci5/GacCorLHbo1ZJGY="},"lastRemoteEphemeralKey":"BRW9Fev9iHSwLGg9YLwExbARy5mPNi+VgI/rU3eqNYBD","previousCounter":0,"rootKey":"fDhdNefVJ8cMYLbrSI9MQ2EUPUqkH4S940HR2AaI8Hk="},"indexInfo":{"baseKey":"BQqr+z+ws784eDy7tgRPzX/N39Oz0gIeGUJdmQHFq/RT","baseKeyType":1,"closed":-1,"used":1753549481789,"created":1753549481789,"remoteIdentityKey":"BV7WKzLuJAPqHGrTj0J9jne25WSthicXeDJL+QTQx5lk"},"_chains":{"Bews6tHeeXoiipkCMMGsuPneHRmNDojgpQeUMN8KnIVX":{"chainKey":{"counter":0,"key":"Jlbb0QNWE/Eh4KPijsZpSt3Ul7YI7LkXvGTbnTIHLLE="},"chainType":1,"messageKeys":{}}},"pendingPreKey":{"signedKeyId":12,"baseKey":"BQqr+z+ws784eDy7tgRPzX/N39Oz0gIeGUJdmQHFq/RT","preKeyId":3246896}}},"version":"v1"}