{"_sessions":{"BX3VctblMvxLu6GwHiWoSDLqdJAx0L9Kg0khPFyriA80":{"registrationId":2133389282,"currentRatchet":{"ephemeralKeyPair":{"pubKey":"Bb2VNqcEEI2TavWxEcaIVsYHVP2BIVXl6sh88lp1r4dF","privKey":"8LwhqXbcI6hSFBEcej2en1P1pQMwuxZayy6LOMe85m0="},"lastRemoteEphemeralKey":"BfF15B/aYB4AgqARNG31BtveF8dp5/F74acAMeu1HH5V","previousCounter":0,"rootKey":"jhePv1wQYxDKHzk8DJP6vMWu82xWTlBT8KUMNwKRA2Y="},"indexInfo":{"baseKey":"BX3VctblMvxLu6GwHiWoSDLqdJAx0L9Kg0khPFyriA80","baseKeyType":2,"closed":-1,"used":1753474487801,"created":1753474487801,"remoteIdentityKey":"Be2NMiQ3UNCahJ5BQK++vHbHESFEosQSkt1bzHZsEgw0"},"_chains":{"BfF15B/aYB4AgqARNG31BtveF8dp5/F74acAMeu1HH5V":{"chainKey":{"counter":0,"key":"MTOe2dDTipbgpsphKlfTGjq9CAFdMY6rAEFUoR7+JW0="},"chainType":2,"messageKeys":{}},"Bb2VNqcEEI2TavWxEcaIVsYHVP2BIVXl6sh88lp1r4dF":{"chainKey":{"counter":-1,"key":"ExEb2pLG72hIgocFeTseOKSse1s8KSZslIHMjwn+d5A="},"chainType":1,"messageKeys":{}}}}},"version":"v1"}