{"_sessions":{"BR41IE46m7sTq2knCyyUbYoiyYKxl2ezgieK11rC53MO":{"registrationId":967287835,"currentRatchet":{"ephemeralKeyPair":{"pubKey":"BV44x+4hEOda0JxCMTh5HgCxrDNsTfhHlSmbckgsK7gj","privKey":"wObATyCTxisM8fD7rGekkJbBaHYhP6mdjMyOa5lo62c="},"lastRemoteEphemeralKey":"BftrnfIeWvi8wQWiy3kAwObVhkOzQU99/MLhst4PEXdW","previousCounter":0,"rootKey":"PBf13DdWu1h0F/7tlc/iwbYzFUMQU2f13Un5JHPIj1Y="},"indexInfo":{"baseKey":"BR41IE46m7sTq2knCyyUbYoiyYKxl2ezgieK11rC53MO","baseKeyType":1,"closed":-1,"used":1753549481820,"created":1753549481820,"remoteIdentityKey":"BUyUW9xqkmwPTjLW55kbOJhp3Zwv2tUqwBuu1GnXvwJi"},"_chains":{"BV44x+4hEOda0JxCMTh5HgCxrDNsTfhHlSmbckgsK7gj":{"chainKey":{"counter":0,"key":"JlkyHCYKDsTeN93Qp0HclK2nor++GYNkvFsHhUl3e80="},"chainType":1,"messageKeys":{}}},"pendingPreKey":{"signedKeyId":6,"baseKey":"BR41IE46m7sTq2knCyyUbYoiyYKxl2ezgieK11rC53MO","preKeyId":1824609}}},"version":"v1"}