{"_sessions":{"BQWS9vOJNBC33PuumYJzO1T0xza7+IoaILkNBaT1DXIh":{"registrationId":1570394061,"currentRatchet":{"ephemeralKeyPair":{"pubKey":"Bc7ePyJps3gB4kPwPIgJ/HRKflbFhftsGumXelSyluNq","privKey":"OJI8BI0r3rRIsqCONcqolNlRqu4UDaiq9d8F2GsLZEk="},"lastRemoteEphemeralKey":"BWZ8UD1eNd0Bs6IheOtvid8JEuNn56AE2ZY8jrgtKrFM","previousCounter":0,"rootKey":"IjlfcWHy7n0B1FRR06nxYDBjhztNPY08/Tw+5XYwKW8="},"indexInfo":{"baseKey":"BQWS9vOJNBC33PuumYJzO1T0xza7+IoaILkNBaT1DXIh","baseKeyType":2,"closed":-1,"used":1753458018901,"created":1753458018901,"remoteIdentityKey":"BTCOHyYry6bw5nvV1ubE8GgG256Mfwfegc6ZpiOmnkFK"},"_chains":{"BWZ8UD1eNd0Bs6IheOtvid8JEuNn56AE2ZY8jrgtKrFM":{"chainKey":{"counter":3,"key":"KV2MteQPDzgEmlhnGY5XrxwBZoXVsKEPYGoQVIizImI="},"chainType":2,"messageKeys":{}},"Bc7ePyJps3gB4kPwPIgJ/HRKflbFhftsGumXelSyluNq":{"chainKey":{"counter":-1,"key":"PtIQ6Vw895UQNhobo8BQSCNcUU0ffCpDtHsK+xrnPQg="},"chainType":1,"messageKeys":{}}}}},"version":"v1"}