{"_sessions":{"BVioLkHpQ/Y4F5hIz9KfKC7R2E0UaZWa+uT0HmE3ZS0z":{"registrationId":1180187222,"currentRatchet":{"ephemeralKeyPair":{"pubKey":"Be/3LWAidkESvAtoC3eo0QzaoS0ng4BJdGhclXkvaWY1","privKey":"GDGDlJBA6ZWViQdAUXCIaHaxGyZsrd0dikDZOhxT6HA="},"lastRemoteEphemeralKey":"BeLWcyek3LsaJZUnMcpd+DbmL/eXnSFnsXfxvftAH8hb","previousCounter":0,"rootKey":"Uuz9IULLnWLh09TIwiPrJkDvYsRS+lZINMiXMQGxygw="},"indexInfo":{"baseKey":"BVioLkHpQ/Y4F5hIz9KfKC7R2E0UaZWa+uT0HmE3ZS0z","baseKeyType":1,"closed":-1,"used":1753549481734,"created":1753549481734,"remoteIdentityKey":"BV1J46E/3dYsjV/b76tmaSzojSQXEkMqhSDHifq1Lkt2"},"_chains":{"Be/3LWAidkESvAtoC3eo0QzaoS0ng4BJdGhclXkvaWY1":{"chainKey":{"counter":0,"key":"3LjKe5EwRTnZPzQA8UJ3FKQIqz1YiSJnHd3ypq5nbX4="},"chainType":1,"messageKeys":{}}},"pendingPreKey":{"signedKeyId":7,"baseKey":"BVioLkHpQ/Y4F5hIz9KfKC7R2E0UaZWa+uT0HmE3ZS0z","preKeyId":10293038}}},"version":"v1"}