{"_sessions":{"BSnRj0/4WHxNs1GvgDnpXmMUbP+9rRU0S2F5zTTJ2k4l":{"registrationId":173390264,"currentRatchet":{"ephemeralKeyPair":{"pubKey":"BaKl662EDnjYhejKUQve1+MkaKkBFG0mVtN5exCdpfED","privKey":"EJEqh++PwTfm9VqBUE8Beggx0i544c65BTYYMOaGYWw="},"lastRemoteEphemeralKey":"BaTb0HioTxYRpzwHzDd82g9bxsBB/cIKzjhUCffEh/c2","previousCounter":0,"rootKey":"ndfOssJ90RIQVkisOxOPiEfyxbek4WO/FKTXuT/j2OM="},"indexInfo":{"baseKey":"BSnRj0/4WHxNs1GvgDnpXmMUbP+9rRU0S2F5zTTJ2k4l","baseKeyType":2,"closed":-1,"used":1753455864602,"created":1753455864602,"remoteIdentityKey":"Bbfa9ZHB6OpY85gDe9dwLtpKKI7iJ8xGRxUwYCP376VZ"},"_chains":{"BaTb0HioTxYRpzwHzDd82g9bxsBB/cIKzjhUCffEh/c2":{"chainKey":{"counter":2,"key":"bKuxrIdl5QD32iv39F0Gv2PgJiDF38SJksHZXIHWt84="},"chainType":2,"messageKeys":{}},"BaKl662EDnjYhejKUQve1+MkaKkBFG0mVtN5exCdpfED":{"chainKey":{"counter":-1,"key":"rADxdKSMWLI7zyZDgNLX+TsWiYeJkJIud5wXOXceX0w="},"chainType":1,"messageKeys":{}}}}},"version":"v1"}