{"_sessions":{"BfSljl76e1NjwotxQd2b2OkyJgy3LTPtMFD375OAyPkj":{"registrationId":391375758,"currentRatchet":{"ephemeralKeyPair":{"pubKey":"Bdr+unTttT0QIhVJrhemP0dHhwGvd1DDm/YRy+oHxv4B","privKey":"QAYe4/X23UUVGjZB1c6dMqlalcium9DgjTeoXUnozlc="},"lastRemoteEphemeralKey":"BTs+OOKRLpZo8QCoZA1jCyoc1c8fiKoKIIg30sxkDT9V","previousCounter":0,"rootKey":"z1BzLgyGoGub79I47Pp0MZ+82uQYgBYC2uVnVW7WKTw="},"indexInfo":{"baseKey":"BfSljl76e1NjwotxQd2b2OkyJgy3LTPtMFD375OAyPkj","baseKeyType":2,"closed":-1,"used":1753476440283,"created":1753476440283,"remoteIdentityKey":"BSCR1pKgdKaD3UQ+5hQxEKYp20hLe/jfX5Vi0Wt15M1g"},"_chains":{"BTs+OOKRLpZo8QCoZA1jCyoc1c8fiKoKIIg30sxkDT9V":{"chainKey":{"counter":0,"key":"jaK53g/Itcs+utcXgVjyXu1gVWdU3v/Nh4EyglPozdY="},"chainType":2,"messageKeys":{}},"Bdr+unTttT0QIhVJrhemP0dHhwGvd1DDm/YRy+oHxv4B":{"chainKey":{"counter":-1,"key":"4TBIrr0wSp9QYBVOqjk4G/nOTaHwxPP+kpMr00i3s34="},"chainType":1,"messageKeys":{}}}}},"version":"v1"}