{"_sessions":{"BT5OoQ08kiz0BIpc6T+IoYFYDFvGJRd5yfq71JIP72Qv":{"registrationId":8881,"currentRatchet":{"ephemeralKeyPair":{"pubKey":"BXlQfV2PBYLr3bZ3gkZ1wGAFaf+HgLuhD2ruU6rCOD53","privKey":"GNlrZ/UsSL6PbEvWQVyBGgcuMWExkVgLG+6m9+Mw1lg="},"lastRemoteEphemeralKey":"BQXcCnvHBZYp3mz99z1TRU/rkOoQHPssaHCApmELAMFI","previousCounter":0,"rootKey":"4mTQc7fpgupcNeCZvQHbP+sCEkbFLJU1OK68QLuQkHQ="},"indexInfo":{"baseKey":"BT5OoQ08kiz0BIpc6T+IoYFYDFvGJRd5yfq71JIP72Qv","baseKeyType":1,"closed":-1,"used":1753549482494,"created":1753549482494,"remoteIdentityKey":"BT0KNVSIxnY1D9ngLEPW3kCZ+GdollOGiHAzxhgvrut1"},"_chains":{"BXlQfV2PBYLr3bZ3gkZ1wGAFaf+HgLuhD2ruU6rCOD53":{"chainKey":{"counter":0,"key":"lWzjk504mzVy7zrlin34F7BWZJO0db9bcm+jM6b45ho="},"chainType":1,"messageKeys":{}}},"pendingPreKey":{"signedKeyId":1,"baseKey":"BT5OoQ08kiz0BIpc6T+IoYFYDFvGJRd5yfq71JIP72Qv"}}},"version":"v1"}