{"_sessions":{"BTgfn+vqln9jffbXdFGWRj3kRiitpPvnbRN8D6vkycFC":{"registrationId":728585265,"currentRatchet":{"ephemeralKeyPair":{"pubKey":"BbQYuz3rqKqTjGH9nftrOG50z3+q0Bk25NxfGSeaVJNv","privKey":"EFvgh/0tmuMWG7iMsILq9NQxGQBCOLiFpsjSLODVKnQ="},"lastRemoteEphemeralKey":"BU59X6le2a1N5DpZi2p1PzXqhuqL+Q1dUR8HSLN3E4Zh","previousCounter":0,"rootKey":"kuG/+l3iB6PNhX5Lf5yshOYv1s4FtAt+aVDs1PwBy0s="},"indexInfo":{"baseKey":"BTgfn+vqln9jffbXdFGWRj3kRiitpPvnbRN8D6vkycFC","baseKeyType":1,"closed":-1,"used":1753549481882,"created":1753549481882,"remoteIdentityKey":"BbqHgAQj7klWwiY5l7P5EYk7nkhmL7FLLeX/MXXUBV1j"},"_chains":{"BbQYuz3rqKqTjGH9nftrOG50z3+q0Bk25NxfGSeaVJNv":{"chainKey":{"counter":0,"key":"U/T4un04I2PXrqzmS1F7e1lhP+6z/MNZMJK+5sKM+Kw="},"chainType":1,"messageKeys":{}}},"pendingPreKey":{"signedKeyId":4,"baseKey":"BTgfn+vqln9jffbXdFGWRj3kRiitpPvnbRN8D6vkycFC","preKeyId":8641188}}},"version":"v1"}