{"_sessions":{"BQvGF71RD4wzqwcr5BUdld6mER0FCQg7OvrsU2nKy9wK":{"registrationId":688944526,"currentRatchet":{"ephemeralKeyPair":{"pubKey":"BU87rXGRUJLlxMVhTgoLxNCIOAvf8CcMdZKirUQTw7oK","privKey":"yOHWnC1+RCJJ0cPcNBvf0SO+tA2FJTWgDnednBW3/V8="},"lastRemoteEphemeralKey":"BVHWKKcwmL1l9H8i/GJFb+FIxvuwqmBqRj2TMFHU+hxe","previousCounter":0,"rootKey":"LMKi28urunBT0H4AzvNT2dWxaTJjDbiI/KFQJ/4gBno="},"indexInfo":{"baseKey":"BQvGF71RD4wzqwcr5BUdld6mER0FCQg7OvrsU2nKy9wK","baseKeyType":1,"closed":-1,"used":1753549481849,"created":1753549481849,"remoteIdentityKey":"BeSWm8jaAgKi6FbYfpko6B0g2I4t+siaDCeL7RmHxyFh"},"_chains":{"BU87rXGRUJLlxMVhTgoLxNCIOAvf8CcMdZKirUQTw7oK":{"chainKey":{"counter":0,"key":"Z5bT50RDQA7gJK1HhGwn/TyZNdCjGQZEQmekHKD1Ydg="},"chainType":1,"messageKeys":{}}},"pendingPreKey":{"signedKeyId":1,"baseKey":"BQvGF71RD4wzqwcr5BUdld6mER0FCQg7OvrsU2nKy9wK","preKeyId":5145906}}},"version":"v1"}