{"_sessions":{"BSX38OPzVOJgsuvXVFUXKrRq7FjcJeiaDWm0NeOjy5Iq":{"registrationId":1340406258,"currentRatchet":{"ephemeralKeyPair":{"pubKey":"BdZCFlzyya8CVSsPShGLjSMQOiXlhdCxdH5vhOSAj/1T","privKey":"EOIW5ZKxxhXlYzyi4PbR3b738QNM/M28+bVMe4UzC24="},"lastRemoteEphemeralKey":"BRj/+s2g23t4KqfwfGMSJ0DGxlMWfZzNvs8RuAkJTe5v","previousCounter":0,"rootKey":"nTYGTMKUkxr8oS8I3kN0XZJB2dbdP5tP0HFZnkd8LBw="},"indexInfo":{"baseKey":"BSX38OPzVOJgsuvXVFUXKrRq7FjcJeiaDWm0NeOjy5Iq","baseKeyType":1,"closed":-1,"used":1753549481731,"created":1753549481731,"remoteIdentityKey":"Bbo/gGXGhdZ1/qZ2Oyl9+ZJXGzppfZYe666f1Vzg6+9p"},"_chains":{"BdZCFlzyya8CVSsPShGLjSMQOiXlhdCxdH5vhOSAj/1T":{"chainKey":{"counter":0,"key":"4j14QbrKt2HsEX6bwGlwhmHe6nH7+H2uZW+OT1Km2s4="},"chainType":1,"messageKeys":{}}},"pendingPreKey":{"signedKeyId":1,"baseKey":"BSX38OPzVOJgsuvXVFUXKrRq7FjcJeiaDWm0NeOjy5Iq"}}},"version":"v1"}