{"_sessions":{"BS2waAEvHaCxgOOUruw5eltImCgg4g103hnR+ycoPVJd":{"registrationId":541313801,"currentRatchet":{"ephemeralKeyPair":{"pubKey":"BfcxY88Km2kcMwy93cSH9whzNjsa5+l82BL4luPcklgd","privKey":"qGPvoDUpiVMWw7m5Me2f1DOMq6wx3u5Q2WtnEjqm2nU="},"lastRemoteEphemeralKey":"BSrzpes8kjx41U8Y0ANmyX3GTFuiGNYaQls0ry7ICRsP","previousCounter":0,"rootKey":"nv9U8C64iXFafoMz6O+IkPcyIQ5AS+Oz8F2n100lzOU="},"indexInfo":{"baseKey":"BS2waAEvHaCxgOOUruw5eltImCgg4g103hnR+ycoPVJd","baseKeyType":2,"closed":-1,"used":1753455858605,"created":1753455858605,"remoteIdentityKey":"BZWByYzXxjUPL59Xgai2hBMFUMKVkI+JGELzSr2bmdUa"},"_chains":{"BSrzpes8kjx41U8Y0ANmyX3GTFuiGNYaQls0ry7ICRsP":{"chainKey":{"counter":3,"key":"VTY4IdKkN/uJLegeBRmL2utyFnq/92vvaGW7IcR701U="},"chainType":2,"messageKeys":{}},"BfcxY88Km2kcMwy93cSH9whzNjsa5+l82BL4luPcklgd":{"chainKey":{"counter":-1,"key":"upmtG5Gw2O09CrnwYWbWart1jFbHcDR55BS6TfMAjYY="},"chainType":1,"messageKeys":{}}}}},"version":"v1"}