{"_sessions":{"BTMVx6HCUqF/qRw4s6rBKiv9BhLL4t058A2IHNALCdhW":{"registrationId":1825909123,"currentRatchet":{"ephemeralKeyPair":{"pubKey":"BVRq/P63PPoRfOda2eAF96yaq+YEQYek0Nq7eUMIkV1Q","privKey":"KJ3wpsMWCwvb5fIM0vefIpcgDNT9A9Jdi6Fx5xhp7n8="},"lastRemoteEphemeralKey":"BVRLA4PoFnysjpeqXlmrGea57QRQMarE2+gPwbJ1mKYE","previousCounter":0,"rootKey":"vaBFQJFysVlt1BNNdU99L9bHzuLejExy4yWrmFtkT9M="},"indexInfo":{"baseKey":"BTMVx6HCUqF/qRw4s6rBKiv9BhLL4t058A2IHNALCdhW","baseKeyType":1,"closed":-1,"used":1753549481914,"created":1753549481914,"remoteIdentityKey":"BahZqiw3/67Ut2MPgXZz2wiQHw9CJmgbYJsJsaZ73NcN"},"_chains":{"BVRq/P63PPoRfOda2eAF96yaq+YEQYek0Nq7eUMIkV1Q":{"chainKey":{"counter":0,"key":"XBzb3zmGU+ZrbI3B4ej3zz5CwDSeqqWF+lpW5XUlRmE="},"chainType":1,"messageKeys":{}}},"pendingPreKey":{"signedKeyId":7,"baseKey":"BTMVx6HCUqF/qRw4s6rBKiv9BhLL4t058A2IHNALCdhW","preKeyId":10304834}}},"version":"v1"}