{"_sessions":{"BX6mft0gQd2W4y9+qs2ib1TpLBHYJCgj8vLd8donpnAe":{"registrationId":2093434629,"currentRatchet":{"ephemeralKeyPair":{"pubKey":"BQ3rkpa/USX/qU8vGtPNuVUkuvYYxpoT/MMQDHTv4/Yr","privKey":"0C69U0miaVTxs95UbWPQZRsvcGdedoUmf7kNJJsRflQ="},"lastRemoteEphemeralKey":"BRVa58urTD31fKO6AoCN/6B4hSmb+Fo/yZHt2lvh0EYM","previousCounter":0,"rootKey":"+t9igDUo3ndxkkQjakvGlWiA67MGa2uP+wKWQp16seg="},"indexInfo":{"baseKey":"BX6mft0gQd2W4y9+qs2ib1TpLBHYJCgj8vLd8donpnAe","baseKeyType":1,"closed":-1,"used":1753549482455,"created":1753549482455,"remoteIdentityKey":"Bd+I/FCtEgvEIKjjNqEVEV1aXX0UkfZoHae0il+G6rYQ"},"_chains":{"BQ3rkpa/USX/qU8vGtPNuVUkuvYYxpoT/MMQDHTv4/Yr":{"chainKey":{"counter":0,"key":"Dve7YhCgtykxG4mJ6fptml4CBgbOhRNQZsOMxFyjpus="},"chainType":1,"messageKeys":{}}},"pendingPreKey":{"signedKeyId":4,"baseKey":"BX6mft0gQd2W4y9+qs2ib1TpLBHYJCgj8vLd8donpnAe","preKeyId":624}}},"version":"v1"}