{"_sessions":{"BX5ZGmKRho5XqU/6XFkywldU6cuJhCvlWv14FS+wKZFn":{"registrationId":1157350307,"currentRatchet":{"ephemeralKeyPair":{"pubKey":"BY8SVhq80Mx3/ojRYWVWdY3FhVt5t0FtZrZAA6gC2Xge","privKey":"iJcdjm/QeIlVSOPyJXeqAYVsqe54SC258vzvF3n0HX0="},"lastRemoteEphemeralKey":"BTXfrDHM0+xghVmcEw7+bDYsrZRN/HM6qCs1S2kN1R4X","previousCounter":0,"rootKey":"eO3GlZuldfdGWJrLnRbLYPgA+Osmfubo+umMARmOEvQ="},"indexInfo":{"baseKey":"BX5ZGmKRho5XqU/6XFkywldU6cuJhCvlWv14FS+wKZFn","baseKeyType":1,"closed":-1,"used":1753549481937,"created":1753549481937,"remoteIdentityKey":"BcbDDHPwEDMulOixNziUWViUc6xsLYFsr7wEmzTv/zVp"},"_chains":{"BY8SVhq80Mx3/ojRYWVWdY3FhVt5t0FtZrZAA6gC2Xge":{"chainKey":{"counter":0,"key":"5rBBM8iiBG+KA3Bpdx/hK9oKJ37vB+abxAACaZbTLnk="},"chainType":1,"messageKeys":{}}},"pendingPreKey":{"signedKeyId":23,"baseKey":"BX5ZGmKRho5XqU/6XFkywldU6cuJhCvlWv14FS+wKZFn","preKeyId":4307732}}},"version":"v1"}