{"_sessions":{"BcfEpRD1d1GAF/GKvkmIp5C4bNIe18lzZOaU2oOMk8Vp":{"registrationId":2106030582,"currentRatchet":{"ephemeralKeyPair":{"pubKey":"BYg46YNvVGQkCEIEL+PXt9XCSOHBl75jUauMR3qVEl4T","privKey":"mJxONFp3OOB2zWoyo5ok3CV4w0ftevMlr7ZTKomCN2o="},"lastRemoteEphemeralKey":"BQYP+F35a0gLFOXj5bDnCRV9G/0EaQ2GvAoIm809iJxv","previousCounter":0,"rootKey":"1X3g0443ldZI5HStGfw2wdWgAIObVYKQSOSRIzTtu3w="},"indexInfo":{"baseKey":"BcfEpRD1d1GAF/GKvkmIp5C4bNIe18lzZOaU2oOMk8Vp","baseKeyType":1,"closed":-1,"used":1753549481964,"created":1753549481964,"remoteIdentityKey":"BZoq4jXmL7dnjaqfFc1K9aD3U+YgHbfbgfZTDMeNUtQY"},"_chains":{"BYg46YNvVGQkCEIEL+PXt9XCSOHBl75jUauMR3qVEl4T":{"chainKey":{"counter":0,"key":"c7uPXBSFUeW1W3f+h9Ng7GV3PnKymRDqKcFuKBF55T8="},"chainType":1,"messageKeys":{}}},"pendingPreKey":{"signedKeyId":1,"baseKey":"BcfEpRD1d1GAF/GKvkmIp5C4bNIe18lzZOaU2oOMk8Vp"}}},"version":"v1"}