{"_sessions":{"BcJ+5Foc2LCZkN7utoMR5dFLWtbkF+xGviVRfgxO35MA":{"registrationId":1929606444,"currentRatchet":{"ephemeralKeyPair":{"pubKey":"BYoRbn9xO+mWjOJYaoy0TCe7FRJHdNvRdOzB1TVFAEFv","privKey":"6JWObrwWaGpE3xoH2lZDwLmPv/8JntLNYhEr/Pqfj2I="},"lastRemoteEphemeralKey":"BXzTRszBayQiVSnNXWO+astrr5rCbHiAb+jJHrOQz8dB","previousCounter":0,"rootKey":"Ei+q9qPK19HZ3RaJB86909+i8OuQZ/vkaJ8s2Fdw7+s="},"indexInfo":{"baseKey":"BcJ+5Foc2LCZkN7utoMR5dFLWtbkF+xGviVRfgxO35MA","baseKeyType":1,"closed":-1,"used":1753549482007,"created":1753549482007,"remoteIdentityKey":"BcWZqmCRtihIZ9WiyefFarqznYpKmfTdAEAU8ETTeS17"},"_chains":{"BYoRbn9xO+mWjOJYaoy0TCe7FRJHdNvRdOzB1TVFAEFv":{"chainKey":{"counter":0,"key":"BW7XtIaqhd+mq3g49r+VqOnYTh1wWjIozwgwQKhMwEA="},"chainType":1,"messageKeys":{}}},"pendingPreKey":{"signedKeyId":7,"baseKey":"BcJ+5Foc2LCZkN7utoMR5dFLWtbkF+xGviVRfgxO35MA","preKeyId":1623649}}},"version":"v1"}