{"_sessions":{"BdpyWCmoDSGUMhVgBuqBPWmmytu+7/k3joePrLQScJAc":{"registrationId":1979072047,"currentRatchet":{"ephemeralKeyPair":{"pubKey":"BW7k37POOBAvBfakqw75bVFjHZFqm1rfhjxJeNhQJ5k8","privKey":"qMhw3XLg8TfQ6AEdh1K9VXz7iy/vcqaQy8qU1QvzpkM="},"lastRemoteEphemeralKey":"BYmtX9rh7GaTsRZuu5zFcbxbpzlrp3OoIce2QnkhDU4o","previousCounter":0,"rootKey":"9MEGXLsKiWDoY7Tux/G2Ybpv4olqyXzTs6alK0FFGVY="},"indexInfo":{"baseKey":"BdpyWCmoDSGUMhVgBuqBPWmmytu+7/k3joePrLQScJAc","baseKeyType":1,"closed":-1,"used":1753549481794,"created":1753549481794,"remoteIdentityKey":"BTkca5NmGXuxK8mrpdC2qU50XeAXEFbiUZo3bhB34/4+"},"_chains":{"BW7k37POOBAvBfakqw75bVFjHZFqm1rfhjxJeNhQJ5k8":{"chainKey":{"counter":0,"key":"DsVoVo+T9j8VMtYNVHEhOIjmm5oY3t26+C5qr/0d3UM="},"chainType":1,"messageKeys":{}}},"pendingPreKey":{"signedKeyId":11,"baseKey":"BdpyWCmoDSGUMhVgBuqBPWmmytu+7/k3joePrLQScJAc","preKeyId":8703230}}},"version":"v1"}