{"_sessions":{"BZiMVliy9l5yPTtF0e6jCEaJ479czDKWNF9VD2hKTHcl":{"registrationId":1660572777,"currentRatchet":{"ephemeralKeyPair":{"pubKey":"BU1nei1ni91H/gcSU1axlGEHS61Q4QvDHddz2Rvi6vkx","privKey":"IIw9SERc4jUNIFicmAljluHfKITtGzN50yI8hGCIsFI="},"lastRemoteEphemeralKey":"BVhPSJTTu58qprV5JSHkeh4q7r68J2RqVdVaGVdTjpx1","previousCounter":0,"rootKey":"dO/hOVi/Gq1Wz/mvIgx5imn/R+XnXCxe/1mHYOU64Q4="},"indexInfo":{"baseKey":"BZiMVliy9l5yPTtF0e6jCEaJ479czDKWNF9VD2hKTHcl","baseKeyType":2,"closed":-1,"used":1753458017237,"created":1753458017237,"remoteIdentityKey":"BSObkh2nYoMK1bBU2z9ixsrmCzRYQ32o2GAlNlEwkUte"},"_chains":{"BVhPSJTTu58qprV5JSHkeh4q7r68J2RqVdVaGVdTjpx1":{"chainKey":{"counter":2,"key":"yhaXBPsCCgDC66Ysp3PVBscsrXGa2IfM/U76HVW2rHk="},"chainType":2,"messageKeys":{}},"BU1nei1ni91H/gcSU1axlGEHS61Q4QvDHddz2Rvi6vkx":{"chainKey":{"counter":-1,"key":"xjA9Qz+EIl0rFR8QlZrjAh+u4B1Gc0qXSZ10FXutmkY="},"chainType":1,"messageKeys":{}}}}},"version":"v1"}