{"_sessions":{"Bbsn881FukidANHABn7m6WUjwI9EBg+RD7qxPq5iY3Id":{"registrationId":4513,"currentRatchet":{"ephemeralKeyPair":{"pubKey":"BR2+umqg1RmRXIWbOoG43JsA94iOmnf0RzFVNTUIGVt+","privKey":"QNZY49iLmxDPYemfsEOZU+B4n3vJHS0nwZuXvGA9uFM="},"lastRemoteEphemeralKey":"BaKaRRF4ZcvgDxKq9GzE6yG0wuEw/ZD2bY+vOVwuWVxu","previousCounter":0,"rootKey":"EU03gW0sq2By2AQ66Nr7hhlF9cSxI3WBiVuapcLzzeI="},"indexInfo":{"baseKey":"Bbsn881FukidANHABn7m6WUjwI9EBg+RD7qxPq5iY3Id","baseKeyType":1,"closed":-1,"used":1753549482460,"created":1753549482460,"remoteIdentityKey":"BXkpXlF6dOGN+LU9lKR+648SF0KmurS6MQoMTRcU4f43"},"_chains":{"BR2+umqg1RmRXIWbOoG43JsA94iOmnf0RzFVNTUIGVt+":{"chainKey":{"counter":0,"key":"jPzf07VNTIK+M7jZPQ+gij8XJh2aSFzwYRM55OIhiv4="},"chainType":1,"messageKeys":{}}},"pendingPreKey":{"signedKeyId":1,"baseKey":"Bbsn881FukidANHABn7m6WUjwI9EBg+RD7qxPq5iY3Id"}}},"version":"v1"}