{"_sessions":{"BZa9RO09qK3n3IMKzcR2W9QfnY83G0s25lhKa0JZwYUe":{"registrationId":124353003,"currentRatchet":{"ephemeralKeyPair":{"pubKey":"BWvL7s3EqmlVSMYQ5y1K1OZP54zgOkDRiJ/l3wwI53QT","privKey":"kEtSrPmhbheWe73kmZVhI5+hzDyYNTXyc3FMOdQSKEE="},"lastRemoteEphemeralKey":"BZQd1/cCXwx8B8+GdHh8hNgkxqy5L4qwpqRKHlN2PpZt","previousCounter":0,"rootKey":"7x9wCIKE/i3mlpCtlpAifaYz1g3AxeWJVbVaHYePQc0="},"indexInfo":{"baseKey":"BZa9RO09qK3n3IMKzcR2W9QfnY83G0s25lhKa0JZwYUe","baseKeyType":2,"closed":1753489108439,"used":1753458040189,"created":1753455881152,"remoteIdentityKey":"BV75EPXKUqsM49YH1C7qrGF9zkB1ieFUQ2tWMnDR7mxn"},"_chains":{"BfZCehLx9g/x/ofYZ4Z+9Zfte7ymqq3gjH5KS39cK+1K":{"chainKey":{"counter":0},"chainType":2,"messageKeys":{}},"BZQd1/cCXwx8B8+GdHh8hNgkxqy5L4qwpqRKHlN2PpZt":{"chainKey":{"counter":1,"key":"WhvRK3OLq6ijeUaadW+rUZrXL089uUa6iSayhvdKB7Y="},"chainType":2,"messageKeys":{}},"BWvL7s3EqmlVSMYQ5y1K1OZP54zgOkDRiJ/l3wwI53QT":{"chainKey":{"counter":-1,"key":"TdQiuqxSSwbhG4tXk4hP+WUcpZgHC+082pQbPFV3KEQ="},"chainType":1,"messageKeys":{}}}},"BTV0kAyWnuPEPZFCMNZFa+Cxp2GwgmKV6k1t8pcJikhZ":{"registrationId":124353003,"currentRatchet":{"ephemeralKeyPair":{"pubKey":"BYsyEx4Q5HmNuN9jXHvB/zkDmTfwPOKa4x+tgv2dLthK","privKey":"IGlgrMSZxfZkV0kTq9Cvxz5e4Fn6Dxi8jBbJhs9pGWg="},"lastRemoteEphemeralKey":"BXHIfWNKRzWRotUVSnZQ0kWsMjZj70i8q5pqDAXRjm9Z","previousCounter":0,"rootKey":"5hZ8woALsnB4RQdSAd1+0ALA2GaFy6dUo3fmYoBFU0k="},"indexInfo":{"baseKey":"BTV0kAyWnuPEPZFCMNZFa+Cxp2GwgmKV6k1t8pcJikhZ","baseKeyType":2,"closed":1753549272898,"used":1753489108447,"created":1753489108447,"remoteIdentityKey":"BV75EPXKUqsM49YH1C7qrGF9zkB1ieFUQ2tWMnDR7mxn"},"_chains":{"BXHIfWNKRzWRotUVSnZQ0kWsMjZj70i8q5pqDAXRjm9Z":{"chainKey":{"counter":0,"key":"aV7h1wDnMNSbZxrO64JVonwh5SjfGiUtt5IMi1ovBO0="},"chainType":2,"messageKeys":{}},"BYsyEx4Q5HmNuN9jXHvB/zkDmTfwPOKa4x+tgv2dLthK":{"chainKey":{"counter":-1,"key":"15mwpzGaxLG8yhbOXmATUnBShbfrN93q6Ha7tq+EiOM="},"chainType":1,"messageKeys":{}}}},"BbXyOucIU4kU09CtF5BRRGJs48ZtboSTjQG+kUqjcUsq":{"registrationId":124353003,"currentRatchet":{"ephemeralKeyPair":{"pubKey":"BTL67GZWboKq/vTwdPlaGM6BN51MO5B5xk/hM9XQUc9H","privKey":"UGrffUKHCSVejnEub8VbClsT4xlzPrn3kxZuEMNoEGE="},"lastRemoteEphemeralKey":"Ba9RwdQT+BVYLkHlcrwuSrjeWfAbdhYvqOHxvFgMfmw+","previousCounter":0,"rootKey":"/Gsrb99MhOFUUmKg3svAh2bOFenU7T07WTYQSLcpfi4="},"indexInfo":{"baseKey":"BbXyOucIU4kU09CtF5BRRGJs48ZtboSTjQG+kUqjcUsq","baseKeyType":2,"closed":1753549278734,"used":1753549272905,"created":1753549272905,"remoteIdentityKey":"BV75EPXKUqsM49YH1C7qrGF9zkB1ieFUQ2tWMnDR7mxn"},"_chains":{"Ba9RwdQT+BVYLkHlcrwuSrjeWfAbdhYvqOHxvFgMfmw+":{"chainKey":{"counter":1,"key":"krlyKeV8M0aaKAQva5y/phg9ZWfd6v3bzwsT5tWIvrM="},"chainType":2,"messageKeys":{}},"BTL67GZWboKq/vTwdPlaGM6BN51MO5B5xk/hM9XQUc9H":{"chainKey":{"counter":-1,"key":"WtLwgU7uhYuXXPv4yyETo0SripJbAW+nLpE+bUNoTO0="},"chainType":1,"messageKeys":{}}}},"BaaAc/8oyCKPQU9g9QsYHsuc0gpQFbdgDojHrCmEFUZK":{"registrationId":124353003,"currentRatchet":{"ephemeralKeyPair":{"pubKey":"BcBQvZBbzEqNKfFOs1PCU/URa5ru1GeGo9PTX1ntqVZX","privKey":"+PqUYeeV3FtJh9xOtzb/YoeZMVjdOrFt1dzAzzPrG0Q="},"lastRemoteEphemeralKey":"Bd2bSHX5HwUApmM9gc20Xet/XC9OnTAl0Q2a8RbGnuYv","previousCounter":0,"rootKey":"wTwz+5GJSxNnrVG7jx0IcCTlaJZpkF0lCDAHiFG6dWM="},"indexInfo":{"baseKey":"BaaAc/8oyCKPQU9g9QsYHsuc0gpQFbdgDojHrCmEFUZK","baseKeyType":2,"closed":1753583252058,"used":1753549278737,"created":1753549278737,"remoteIdentityKey":"BV75EPXKUqsM49YH1C7qrGF9zkB1ieFUQ2tWMnDR7mxn"},"_chains":{"Bd2bSHX5HwUApmM9gc20Xet/XC9OnTAl0Q2a8RbGnuYv":{"chainKey":{"counter":4,"key":"iojFS3Gdsm3OSytH2TZq4zBnPkLYALD4mS/7jiH+A84="},"chainType":2,"messageKeys":{"0":"wkyfvI5FBY7TyN/6Qjcclq90pS90CSewkMWJt/vd/P8="}},"BcBQvZBbzEqNKfFOs1PCU/URa5ru1GeGo9PTX1ntqVZX":{"chainKey":{"counter":-1,"key":"bJ3d/JhfWlO9lTffYm2qv3fjsKx3OuSTdlZo4XJMvrA="},"chainType":1,"messageKeys":{}}}},"BUwe8jMVNlZWu8O9HOez+G7yS8TBb1ukWpQJucEtpOgh":{"registrationId":124353003,"currentRatchet":{"ephemeralKeyPair":{"pubKey":"BUdi4dTOcEhx6T9fz20YLdxboVi48MJSri2zDU6lpg0+","privKey":"wKRwilVfsl+jCUsnbQosZKSRluDZ1t/nCOlr1Bt0aWo="},"lastRemoteEphemeralKey":"BayPoprqZE6tgXd7RKqV/wvCdoZJGAKeVaHRDBIhgn1r","previousCounter":0,"rootKey":"R4V/UjN0chMcF1x17zRZcmMg5OnYRQ3QVGMVNkL/GKY="},"indexInfo":{"baseKey":"BUwe8jMVNlZWu8O9HOez+G7yS8TBb1ukWpQJucEtpOgh","baseKeyType":2,"closed":1753583252366,"used":1753583252062,"created":1753583252062,"remoteIdentityKey":"BV75EPXKUqsM49YH1C7qrGF9zkB1ieFUQ2tWMnDR7mxn"},"_chains":{"BayPoprqZE6tgXd7RKqV/wvCdoZJGAKeVaHRDBIhgn1r":{"chainKey":{"counter":0,"key":"cFeNaCn899dSGl91qsdL5g/1YbAspR2nh/FfgoDeM/4="},"chainType":2,"messageKeys":{}},"BUdi4dTOcEhx6T9fz20YLdxboVi48MJSri2zDU6lpg0+":{"chainKey":{"counter":-1,"key":"FlddYwB8LERg9OOpRMUTGzpeQ/5FeJH+iybs7Rsrcn4="},"chainType":1,"messageKeys":{}}}},"Bco3jOLkF1Ge4bVVpL/Q1bKZoZgt3FQk+iJ2d/I+SjYI":{"registrationId":124353003,"currentRatchet":{"ephemeralKeyPair":{"pubKey":"BchDnlj0g1xWYm/QCu0z2IgW9sjE3wuvIvJAjn8bH3Y/","privKey":"0G0CVQWuRLK7mp5Y4rg0m0BNf0zMjsTABkonj3KnXXs="},"lastRemoteEphemeralKey":"BVdvkAI/s3HoO7oePGlfKGZeck49feSwY5OKJVK5xCIU","previousCounter":0,"rootKey":"EqCoihoDx+YZ9oy5w0Ep+eT+I4ISxFwyatU79ICuVTM="},"indexInfo":{"baseKey":"Bco3jOLkF1Ge4bVVpL/Q1bKZoZgt3FQk+iJ2d/I+SjYI","baseKeyType":2,"closed":1753583252725,"used":1753583252368,"created":1753583252368,"remoteIdentityKey":"BV75EPXKUqsM49YH1C7qrGF9zkB1ieFUQ2tWMnDR7mxn"},"_chains":{"BVdvkAI/s3HoO7oePGlfKGZeck49feSwY5OKJVK5xCIU":{"chainKey":{"counter":0,"key":"EhbrEg9pTWPfSBIp8mY+Mqz7nSwK3Ada5N1exLT/CCY="},"chainType":2,"messageKeys":{}},"BchDnlj0g1xWYm/QCu0z2IgW9sjE3wuvIvJAjn8bH3Y/":{"chainKey":{"counter":-1,"key":"IIEY4GGDv5mZOxuXsPkG9v2ujUsL/ClmUV1rquq8Wjg="},"chainType":1,"messageKeys":{}}}},"BYGeg7P7+Niwt3Mb+8toi0GtmXdqSBH4J43Y2FN++j19":{"registrationId":124353003,"currentRatchet":{"ephemeralKeyPair":{"pubKey":"BWG25teLRk3wjU+NsCK2S2TE4FT5dG3fdPtg+p2+Hvkf","privKey":"2IT9CKN2qlMtYL2bEQ6AYY2ZL5BKJ4b54i4ZPGkRa1U="},"lastRemoteEphemeralKey":"Ba2IY8beOjynTEMPIjlmdD9xMuwe7zMCDN4mtufYoIkl","previousCounter":0,"rootKey":"p1o0u6YrYtNhfl0Br+6PdFrU9gwVJE9q+UETYiEc5h0="},"indexInfo":{"baseKey":"BYGeg7P7+Niwt3Mb+8toi0GtmXdqSBH4J43Y2FN++j19","baseKeyType":2,"closed":-1,"used":1753583252727,"created":1753583252727,"remoteIdentityKey":"BV75EPXKUqsM49YH1C7qrGF9zkB1ieFUQ2tWMnDR7mxn"},"_chains":{"Ba2IY8beOjynTEMPIjlmdD9xMuwe7zMCDN4mtufYoIkl":{"chainKey":{"counter":8,"key":"DqaABg4k91ajxSMheWuu46bJg63aAFs8Mk5qnzCcFfo="},"chainType":2,"messageKeys":{}},"BWG25teLRk3wjU+NsCK2S2TE4FT5dG3fdPtg+p2+Hvkf":{"chainKey":{"counter":-1,"key":"Kx3ZWXaqZ2ScsP+T2XQjNQzZiHPfJ6jSpaAYyL7KDmc="},"chainType":1,"messageKeys":{}}}}},"version":"v1"}