{"_sessions":{"BS8JTlUdirezNajqZU9nZaSV3+grtcGlSM2QBW4QGh8u":{"registrationId":1723736587,"currentRatchet":{"ephemeralKeyPair":{"pubKey":"BfQUjln8eBulXKYwYFqsX70zQC+hnLRkT3L+SsMz4HBr","privKey":"QOLDOfyhSzuFOLh5Rg21EY6ef7/bL9PH0HKW8QbQ8k8="},"lastRemoteEphemeralKey":"BQSiaUuKmUCvyS/diwhjyCLEZXU8pSnzesyLHNzje0Il","previousCounter":0,"rootKey":"7yXHTI0FbzMDZUqRGCKqW57LjjfZbqHKYEOGrN1ygmw="},"indexInfo":{"baseKey":"BS8JTlUdirezNajqZU9nZaSV3+grtcGlSM2QBW4QGh8u","baseKeyType":2,"closed":1753462807779,"used":1753462806822,"created":1753462806822,"remoteIdentityKey":"BXl5sk/jpON4WjEuXPRMCNnrisodpDe6kXt0yuvmWVgA"},"_chains":{"BQSiaUuKmUCvyS/diwhjyCLEZXU8pSnzesyLHNzje0Il":{"chainKey":{"counter":2,"key":"ED6p08+caEVB1X5xZ1DcyWSsF6JsHaCIj/zjEbRmgjk="},"chainType":2,"messageKeys":{}},"BfQUjln8eBulXKYwYFqsX70zQC+hnLRkT3L+SsMz4HBr":{"chainKey":{"counter":-1,"key":"mYFbqCPBqz5vsPK8XkNxmVAk2ejq2pl6VDnMLo//dzc="},"chainType":1,"messageKeys":{}}}},"Be26qTEyg1FWyfyRaeg0xyvuWUqMmXHJC51ptbJM0RJD":{"registrationId":1723736587,"currentRatchet":{"ephemeralKeyPair":{"pubKey":"BfcYHsl1KSXMKXRVVOvMVBv6C7zgthFZ6L/UsJlOY3VY","privKey":"KOE+yAj3/iTcvsVnxNTICqoYmbdc6j1YWV9v+Suz8EE="},"lastRemoteEphemeralKey":"Bet81tICqZYiwCGzCXynHQwvFCktF8/g3E1P2RrbD9JR","previousCounter":0,"rootKey":"JkG3KbYa6cy3TobGq+PW9TfqAX6Esqg8RJDd2zYYIsk="},"indexInfo":{"baseKey":"Be26qTEyg1FWyfyRaeg0xyvuWUqMmXHJC51ptbJM0RJD","baseKeyType":2,"closed":-1,"used":1753462807785,"created":1753462807785,"remoteIdentityKey":"BXl5sk/jpON4WjEuXPRMCNnrisodpDe6kXt0yuvmWVgA"},"_chains":{"Bet81tICqZYiwCGzCXynHQwvFCktF8/g3E1P2RrbD9JR":{"chainKey":{"counter":40,"key":"QWVaTILHAIBYgo7UlFf1C63nGdv8Y6PzWM5VEChe+14="},"chainType":2,"messageKeys":{"20":"YvmqLG4yJ28uWlRH6K8F6xQ84Gh9TQw26wT5dx3Y+xk=","23":"sQXneHTt7M72gc7EO9iCBpekzxIzj6dssbwzqVGuAKw=","25":"RTyjwqmZ34MzFyOsWbbWEv0YNwWys+H5YW67ceVKCh4=","39":"gx5xYDsu9iyId8q4Cy8bu5H6Tz6ExAnLYFd2oNoTh9k="}},"BfcYHsl1KSXMKXRVVOvMVBv6C7zgthFZ6L/UsJlOY3VY":{"chainKey":{"counter":-1,"key":"+R+o3Kdi54BLKgODIM91xQxCucuvH1e5pNxOKPikapg="},"chainType":1,"messageKeys":{}}}}},"version":"v1"}