{"_sessions":{"BQguWIgT7fwpNBYr66NMmYVDD7UUoXqezBBqYcOHEUNH":{"registrationId":1982032310,"currentRatchet":{"ephemeralKeyPair":{"pubKey":"BXt10DFSDEWjAmURCI98K8x1c4gDGE8aiK3WDhGsLXlj","privKey":"qJGPQyc3QmjWZkp2ihM/U5qizkrvipM8GbnK/sdq7kI="},"lastRemoteEphemeralKey":"BakcueqdpkoVetF+s36SdvtvejPgxraxbt8Yr00l0ip1","previousCounter":0,"rootKey":"j3meMWhY//uzB9XP/5dMuChZs+DgCiqHZwDCzyd5YlA="},"indexInfo":{"baseKey":"BQguWIgT7fwpNBYr66NMmYVDD7UUoXqezBBqYcOHEUNH","baseKeyType":1,"closed":-1,"used":1753549481760,"created":1753549481760,"remoteIdentityKey":"BRKLLP0ngq0oVDY6bnX4j5pB8071YVdIAVvqQQOJiz4U"},"_chains":{"BXt10DFSDEWjAmURCI98K8x1c4gDGE8aiK3WDhGsLXlj":{"chainKey":{"counter":0,"key":"qvTl9dZZPn6VYvgLQGzzrWylkvgwRNADOGqSFfmy7Jo="},"chainType":1,"messageKeys":{}}},"pendingPreKey":{"signedKeyId":14332089,"baseKey":"BQguWIgT7fwpNBYr66NMmYVDD7UUoXqezBBqYcOHEUNH","preKeyId":1887}}},"version":"v1"}