{"_sessions":{"BeHwtWnWdGaGWSHxuL0qJzekCq5MDXIhbAcw9K4thas5":{"registrationId":1149896184,"currentRatchet":{"ephemeralKeyPair":{"pubKey":"BURLbSNPUVk06O+0gvlSSqhQOxVxV8MWtmenZpPrlltl","privKey":"6AscK4w3xIqsmGgI1dtIVw9ou8NYJQsHYIfp47KCi0o="},"lastRemoteEphemeralKey":"BSQO6isp4S8HsSIaT6ukrwZAY6tr1i+yKUllAXrd62tI","previousCounter":0,"rootKey":"92h0Li+hvO7MLAEzJ+aOQNSL40rLuw/5yXg9w+bq58s="},"indexInfo":{"baseKey":"BeHwtWnWdGaGWSHxuL0qJzekCq5MDXIhbAcw9K4thas5","baseKeyType":1,"closed":-1,"used":1753549481780,"created":1753549481780,"remoteIdentityKey":"BTf0DooLggWN34z3mYbnY3afGsWbfBIIxLL0XNkMykwD"},"_chains":{"BURLbSNPUVk06O+0gvlSSqhQOxVxV8MWtmenZpPrlltl":{"chainKey":{"counter":0,"key":"NRmIGZFtPPbV1Ix/n3kpUVEFGzFfbmPiAK2Zfe/9B50="},"chainType":1,"messageKeys":{}}},"pendingPreKey":{"signedKeyId":2,"baseKey":"BeHwtWnWdGaGWSHxuL0qJzekCq5MDXIhbAcw9K4thas5","preKeyId":4726538}}},"version":"v1"}