{"_sessions":{"BUVLM1UpO61zYxkeawWal6HOTzrgAz4ASE+LuKzk6MV3":{"registrationId":1024238610,"currentRatchet":{"ephemeralKeyPair":{"pubKey":"BZioGHR6nLYJe+7nUhOZMzP/P7eWm8URfVaO12iFmoUo","privKey":"iKOQPbF9Z1ZtSxbcbVV4cGVXNvPPB/HRkOpSrGqWsXo="},"lastRemoteEphemeralKey":"BTA5wM0EVejpYK0estCcIYd4NSHqH2Fu/mLbhRkIYcVO","previousCounter":0,"rootKey":"ddV66ml2nYItPgOshrlKNU82lelh4+Iae4Ax4jSOOlc="},"indexInfo":{"baseKey":"BUVLM1UpO61zYxkeawWal6HOTzrgAz4ASE+LuKzk6MV3","baseKeyType":1,"closed":-1,"used":1753549481946,"created":1753549481946,"remoteIdentityKey":"BcmdSs1DZfbiwbVq7iEypSLQRqvDTUM+MSax/YSGDZAn"},"_chains":{"BZioGHR6nLYJe+7nUhOZMzP/P7eWm8URfVaO12iFmoUo":{"chainKey":{"counter":0,"key":"M3EEEZlgFkfTs/eMr/DWMcpP0Pu2ZvJtYRWiL+4Y7lg="},"chainType":1,"messageKeys":{}}},"pendingPreKey":{"signedKeyId":12513275,"baseKey":"BUVLM1UpO61zYxkeawWal6HOTzrgAz4ASE+LuKzk6MV3","preKeyId":12202}}},"version":"v1"}