{"_sessions":{"BbX1+Blz4RH3Wsn0RVyLCAzgf2fGba03P6tFzkj8BREn":{"registrationId":1210096881,"currentRatchet":{"ephemeralKeyPair":{"pubKey":"BQelKiC7Nya3LN4szWMUL1tSjJitdZKZ4QTdHRp25Nkt","privKey":"yKqrLr8pqobRWGYadYWcwtOj7zO7mkPwA2pHIeL0c1U="},"lastRemoteEphemeralKey":"BdtVjSQv32jzRvdCSts+95SaqQu8pCOFat/UWmhXkV43","previousCounter":0,"rootKey":"P/hvR8GoV03EK4RDBtCyrnCyR2nQQih65NgawVyxNp4="},"indexInfo":{"baseKey":"BbX1+Blz4RH3Wsn0RVyLCAzgf2fGba03P6tFzkj8BREn","baseKeyType":1,"closed":-1,"used":1753549481971,"created":1753549481971,"remoteIdentityKey":"BawIsmy3LZoPc/xqXbPeFF3OfAGbq6P2cYWEaBtXU6h0"},"_chains":{"BQelKiC7Nya3LN4szWMUL1tSjJitdZKZ4QTdHRp25Nkt":{"chainKey":{"counter":0,"key":"LiWZttaj7EihPON834oC7zxm36rRQ2Tmch6tNL/eNxY="},"chainType":1,"messageKeys":{}}},"pendingPreKey":{"signedKeyId":30,"baseKey":"BbX1+Blz4RH3Wsn0RVyLCAzgf2fGba03P6tFzkj8BREn","preKeyId":8737039}}},"version":"v1"}