{"_sessions":{"BQQeNWkm7xu5XuLo7LfcYeK/OkV9sX+SDQrdVNxVdFAX":{"registrationId":1687754287,"currentRatchet":{"ephemeralKeyPair":{"pubKey":"BWX7EyMu1YvSWbCHefybbbWEYBcvzoYkQ9qKijuRuZZQ","privKey":"4JnW5SFjaS+cj28El9wZtO1cOucHG/MukdZbBb9QvlM="},"lastRemoteEphemeralKey":"BSiCi+y/MDRcHBqZ65tr7vtUZiEDC4qxZOi2YbCiOP8v","previousCounter":0,"rootKey":"65ZELKx9h7t7V4VaRO6tx77sBdBGyiEihaK1y0BQe/s="},"indexInfo":{"baseKey":"BQQeNWkm7xu5XuLo7LfcYeK/OkV9sX+SDQrdVNxVdFAX","baseKeyType":1,"closed":-1,"used":1753549481786,"created":1753549481786,"remoteIdentityKey":"Bd9TieMlpGyel4i0p3WLwMbrTV5dKp6sRsuzRQ3ohXUf"},"_chains":{"BWX7EyMu1YvSWbCHefybbbWEYBcvzoYkQ9qKijuRuZZQ":{"chainKey":{"counter":0,"key":"D9cZvBVIqzKj3Fo3LjJI2cLTv2i6TfNsKAIpf4WAjN8="},"chainType":1,"messageKeys":{}}},"pendingPreKey":{"signedKeyId":18,"baseKey":"BQQeNWkm7xu5XuLo7LfcYeK/OkV9sX+SDQrdVNxVdFAX","preKeyId":2339223}}},"version":"v1"}