{"_sessions":{"BXdGF8eJ40wVYOF6U8SKD9gSoYZDS3XzsTWf+ufyetwc":{"registrationId":976669239,"currentRatchet":{"ephemeralKeyPair":{"pubKey":"BdldBOmizgL4s5zhculiYtndfe2H3/CknA1iBZKrojFo","privKey":"GPg1tIMmKnv/7WFItHR9+rIfRTtIUCJDiNdDBQeExXg="},"lastRemoteEphemeralKey":"BcHpham97wXTqAfJtGMahTaB1M2wle3RbK+kXN4XNHt/","previousCounter":0,"rootKey":"40f2FyGvIsIJCBw4r0F691Cmf876R68Yrl+/IzqIlkQ="},"indexInfo":{"baseKey":"BXdGF8eJ40wVYOF6U8SKD9gSoYZDS3XzsTWf+ufyetwc","baseKeyType":2,"closed":-1,"used":1753571639340,"created":1753571639340,"remoteIdentityKey":"BQWVb84+QMTaUrDVOyvSVxk2+w5Yka/wpqnI6pLBiGUH"},"_chains":{"BcHpham97wXTqAfJtGMahTaB1M2wle3RbK+kXN4XNHt/":{"chainKey":{"counter":0,"key":"4FwrBNlt+G7YFHyoYLEQuHawbxKFFT73EvABYU2+0A8="},"chainType":2,"messageKeys":{}},"BdldBOmizgL4s5zhculiYtndfe2H3/CknA1iBZKrojFo":{"chainKey":{"counter":-1,"key":"Qks9VxKh4Fd9l05mfRjMgS8TLmt8y/4iu4DNA6bFIc4="},"chainType":1,"messageKeys":{}}}}},"version":"v1"}