{"_sessions":{"BUZw9TMEtgCPzJjeLvT+fxiHChipO+4qh/h5ogMnHCQS":{"registrationId":214070772,"currentRatchet":{"ephemeralKeyPair":{"pubKey":"BeX29fBz9syLU/X9XPtpoVX5kvvapGICNeWpA8MXVDgW","privKey":"sKcT9I/8pY7/YMwDyBvGrOgT4JWtp8A7hD7czI2oAmQ="},"lastRemoteEphemeralKey":"Bb9xirfRLirBphF7RGWgmcoG2zWTIaqBN/gwYp/La/Mi","previousCounter":0,"rootKey":"ljpKuWQoZiTJN26+4j2c3RQ6nk45imI7yF+pLMqXbM4="},"indexInfo":{"baseKey":"BUZw9TMEtgCPzJjeLvT+fxiHChipO+4qh/h5ogMnHCQS","baseKeyType":1,"closed":-1,"used":1753549481797,"created":1753549481797,"remoteIdentityKey":"BVRswVEp2U4CFR1X4qL07DwmihYfB1YDPE2eV/TAmrxC"},"_chains":{"BeX29fBz9syLU/X9XPtpoVX5kvvapGICNeWpA8MXVDgW":{"chainKey":{"counter":0,"key":"m131c5/VuXyRaQUwoj1nqEDIxeZfFEik9RvwiRB7qPo="},"chainType":1,"messageKeys":{}}},"pendingPreKey":{"signedKeyId":1,"baseKey":"BUZw9TMEtgCPzJjeLvT+fxiHChipO+4qh/h5ogMnHCQS"}}},"version":"v1"}