{"_sessions":{"Bb97p98a6nzMj6mYMzkm8frYrppTMfKRYY/21u5mXJpe":{"registrationId":1453025991,"currentRatchet":{"ephemeralKeyPair":{"pubKey":"BcmJS+Zb2tfl4bS6FLWuOLWIBaMmoiZYjaHoxE4h3ft6","privKey":"YCH5wWdP7jXnBANbjdmPLqcIidkRQVPZ8DMIdOO3LHY="},"lastRemoteEphemeralKey":"BdIyqL9Bw6ZIy0DSDQ+Gjwswq6pD+NTsP9Sq/OuSkoIr","previousCounter":0,"rootKey":"N1FprL5D6gHNhEMn3+LEyvskpb8abHcb98S7TmcwtXY="},"indexInfo":{"baseKey":"Bb97p98a6nzMj6mYMzkm8frYrppTMfKRYY/21u5mXJpe","baseKeyType":1,"closed":-1,"used":1753549481868,"created":1753549481868,"remoteIdentityKey":"BUFJLM9vlF8TYzaUqsLdKDNagKtHC2VfmQv0oMBL9tA0"},"_chains":{"BcmJS+Zb2tfl4bS6FLWuOLWIBaMmoiZYjaHoxE4h3ft6":{"chainKey":{"counter":0,"key":"OwRo7HJeRS1ydPiqBSorLrBbOVpB+73UPC7nqhywnaY="},"chainType":1,"messageKeys":{}}},"pendingPreKey":{"signedKeyId":3,"baseKey":"Bb97p98a6nzMj6mYMzkm8frYrppTMfKRYY/21u5mXJpe","preKeyId":13356573}}},"version":"v1"}