{"_sessions":{"BRUEG/MMx4GNTa/NpzYvcuCkzbDZHcgAWAhuDM0w0M8G":{"registrationId":174223561,"currentRatchet":{"ephemeralKeyPair":{"pubKey":"BQauP5SwxjNx8QYe/DCwlRIMR3zYqX2Mrhby3dQ8A0pC","privKey":"EKw3nz4ApUjjoG31Nc5+9OwU87FLtCQkaRr+JqLB4Eo="},"lastRemoteEphemeralKey":"BZauKYLX0RyliptSiP0DwD/hCLH7FrM96Ygmpo9LdoBV","previousCounter":0,"rootKey":"yzbTzdny0oF4GDPEZj1qmHdwJcDa8qQiGaY5z8E5ank="},"indexInfo":{"baseKey":"BRUEG/MMx4GNTa/NpzYvcuCkzbDZHcgAWAhuDM0w0M8G","baseKeyType":1,"closed":-1,"used":1753549481994,"created":1753549481994,"remoteIdentityKey":"BQvNd+kKltlODhG1IsaaKYuucFELXYyXw+IcVJhyz6N0"},"_chains":{"BQauP5SwxjNx8QYe/DCwlRIMR3zYqX2Mrhby3dQ8A0pC":{"chainKey":{"counter":0,"key":"eVQP2kZfMNBd9+iEdrK/GM5oO/jt3HUBaK2lL3Gke+U="},"chainType":1,"messageKeys":{}}},"pendingPreKey":{"signedKeyId":2,"baseKey":"BRUEG/MMx4GNTa/NpzYvcuCkzbDZHcgAWAhuDM0w0M8G","preKeyId":10135646}}},"version":"v1"}