{"_sessions":{"BVN0EgfPiUGdgEhMeUStYVBxAzJAanwairVACWvpuoNX":{"registrationId":1238185415,"currentRatchet":{"ephemeralKeyPair":{"pubKey":"BeWaR9wvhhhwgiAdptPQAuFmtFet5xtH6ENjgQAfhLxI","privKey":"cDh9i/mLf5N8wcb8Mf6OODP5DNDGVm8f6KQQxBKTUmU="},"lastRemoteEphemeralKey":"BesgKGojsBaQSLBAZOXIfU+5GsKOSppljhbAEcuAYE9+","previousCounter":0,"rootKey":"MQvtmAEIttvFQCAUhGVJOCx+/H0PAqB7qSrBrYBAcIU="},"indexInfo":{"baseKey":"BVN0EgfPiUGdgEhMeUStYVBxAzJAanwairVACWvpuoNX","baseKeyType":1,"closed":-1,"used":1753549481740,"created":1753549481740,"remoteIdentityKey":"BRhKw+BGbQiAbqBQQHnpwUfTf3fvypyt+fnxKhuir50t"},"_chains":{"BeWaR9wvhhhwgiAdptPQAuFmtFet5xtH6ENjgQAfhLxI":{"chainKey":{"counter":0,"key":"2r7xOB7LWmsrqwpoCl4NXuQAYNNCbyGnc2nAecw1oRE="},"chainType":1,"messageKeys":{}}},"pendingPreKey":{"signedKeyId":7,"baseKey":"BVN0EgfPiUGdgEhMeUStYVBxAzJAanwairVACWvpuoNX","preKeyId":13102648}}},"version":"v1"}