{"_sessions":{"BSgx85nWBoljKspwr//scLoSthCPmyT1KvGuNWe7uTZ1":{"registrationId":1880153169,"currentRatchet":{"ephemeralKeyPair":{"pubKey":"BY8cor7dqMduzwmpQniS98462D6xT+Z+9xXGaKi6UswZ","privKey":"+BTUaRJeRW6kSrmVZo0xVQB4zcGsGK1EtdNpe4NaiVQ="},"lastRemoteEphemeralKey":"BRAULrBobpS9WUQUm7C2EcPAVP/SLobQx97d+H6Nv08T","previousCounter":0,"rootKey":"Z4vKsqhDeS42qrD16LMwcOzvyunOm9RjZUahwM/qEfQ="},"indexInfo":{"baseKey":"BSgx85nWBoljKspwr//scLoSthCPmyT1KvGuNWe7uTZ1","baseKeyType":1,"closed":-1,"used":1753549481828,"created":1753549481828,"remoteIdentityKey":"Be0pGPoIU7Q1dkyCOtYjCbH4QYsmRQHZBnlmFZnoaMN5"},"_chains":{"BY8cor7dqMduzwmpQniS98462D6xT+Z+9xXGaKi6UswZ":{"chainKey":{"counter":0,"key":"kJinQR5lRA+/vC2+TJHbNq5daQ5L19G0EDXfVwQuiBw="},"chainType":1,"messageKeys":{}}},"pendingPreKey":{"signedKeyId":8,"baseKey":"BSgx85nWBoljKspwr//scLoSthCPmyT1KvGuNWe7uTZ1","preKeyId":2039812}}},"version":"v1"}