{"_sessions":{"Bd8x4tz1+OBb5MMnc9S/YLeOx9kp3ICXJCJXINZBhHAB":{"registrationId":206107261,"currentRatchet":{"ephemeralKeyPair":{"pubKey":"BT5M97INImBMHws6wcPlfLeXU/klGrXKwthV7Z27FLwh","privKey":"ECZBKykC9Xs3PAWPnV5AXMXPGqUbqHSSFkaKaCFNjl8="},"lastRemoteEphemeralKey":"BQFUS9JDAu61KFQsi2dhHc/uYm2I4eK3JIozXJr6741M","previousCounter":0,"rootKey":"5ML/VSIVVYv78VSHPa/JvQs8SaDYRQE/FK0VHxsIsAM="},"indexInfo":{"baseKey":"Bd8x4tz1+OBb5MMnc9S/YLeOx9kp3ICXJCJXINZBhHAB","baseKeyType":1,"closed":-1,"used":1753549481810,"created":1753549481810,"remoteIdentityKey":"BUpIepCsrIuPT4pG2HJogkcly1yeys+JdkV/Ha+L9GE4"},"_chains":{"BT5M97INImBMHws6wcPlfLeXU/klGrXKwthV7Z27FLwh":{"chainKey":{"counter":0,"key":"MABh/T82E+r917WOy3FNG3f+Mn7gCnHlsbpyOoywQpk="},"chainType":1,"messageKeys":{}}},"pendingPreKey":{"signedKeyId":13518201,"baseKey":"Bd8x4tz1+OBb5MMnc9S/YLeOx9kp3ICXJCJXINZBhHAB","preKeyId":10688}}},"version":"v1"}