{"_sessions":{"BTEZAN+p9nIv9OjvOBEIOYWS5Lpipa0MwIXteJxBxcAi":{"registrationId":2006853849,"currentRatchet":{"ephemeralKeyPair":{"pubKey":"BY26KTBDCkQfXfsB49w7s9/JN9kFNARzEL0FsH1KHg0M","privKey":"8Cy6rESDFggdvD7cbz6efRZU8lUS1Uvyh1FYibRUGUQ="},"lastRemoteEphemeralKey":"BeA0h+17IQIg8sgDqE0virVfPtXg89C/vO7j9U4+F2s9","previousCounter":0,"rootKey":"JRXfvxE3yZS7qID3ABBfXNw/w2hpSBlvlv85GG54Efo="},"indexInfo":{"baseKey":"BTEZAN+p9nIv9OjvOBEIOYWS5Lpipa0MwIXteJxBxcAi","baseKeyType":1,"closed":-1,"used":1753549481783,"created":1753549481783,"remoteIdentityKey":"BVnSGGh3UJ4LOhkzs+xbp4UzmKla5qCzlLZ8qvah6HMF"},"_chains":{"BY26KTBDCkQfXfsB49w7s9/JN9kFNARzEL0FsH1KHg0M":{"chainKey":{"counter":0,"key":"7fyBefaARsndLRfdRze6U2uJulKoZrzUAijRYUF3y88="},"chainType":1,"messageKeys":{}}},"pendingPreKey":{"signedKeyId":4,"baseKey":"BTEZAN+p9nIv9OjvOBEIOYWS5Lpipa0MwIXteJxBxcAi","preKeyId":13924976}}},"version":"v1"}