{"_sessions":{"BdLMyRaYVTvBMfZKfk8Ln0YWOej99Pc8fx7WwwrKkigs":{"registrationId":1215558586,"currentRatchet":{"ephemeralKeyPair":{"pubKey":"BdbPoqvu9FQUEXcfMWPLjBcrWOPDfO7BnXFeYJLSD7Eb","privKey":"sCHtRViThOTgm8sshMvUh2lmgrKQHcwxawT8erQyo3s="},"lastRemoteEphemeralKey":"Bd+u8A7GAVwymmzpkTJSLhoBqaPz0U8L2us7MDGI0OA5","previousCounter":0,"rootKey":"i2Pa2E6BEYVXl+7HR9Ea5SkSVBtpyrRM3XLTLKL67yQ="},"indexInfo":{"baseKey":"BdLMyRaYVTvBMfZKfk8Ln0YWOej99Pc8fx7WwwrKkigs","baseKeyType":1,"closed":-1,"used":1753549481872,"created":1753549481872,"remoteIdentityKey":"BXIPEaKEKNXRfZ7Z3v2fgTBjgBFZrwyY4DzaDw1pAWdG"},"_chains":{"BdbPoqvu9FQUEXcfMWPLjBcrWOPDfO7BnXFeYJLSD7Eb":{"chainKey":{"counter":0,"key":"N8ytxfxJgO6Ju9zakRD40mHk0NSdjTVPIJzALsGr2lU="},"chainType":1,"messageKeys":{}}},"pendingPreKey":{"signedKeyId":26,"baseKey":"BdLMyRaYVTvBMfZKfk8Ln0YWOej99Pc8fx7WwwrKkigs","preKeyId":4930867}}},"version":"v1"}