{"_sessions":{"Ba0GLglefvuy1gCLVhSWHQZzOH1paD2CCJwr6uIWighL":{"registrationId":1445017445,"currentRatchet":{"ephemeralKeyPair":{"pubKey":"BQNrv6y5sK9fPKTPQgqZpcmZScIBXWGgfRTHAJG+vBts","privKey":"CG40iORBRd6jBl/Ij4W5ZEvx3D8rBwx9iX0lxzgGMVg="},"lastRemoteEphemeralKey":"BUt5MkYPno7xkEe6LLTFM+f6zHgdeX1xUsZzw/Ib8PAs","previousCounter":0,"rootKey":"n6GgIdNpRrImz7OHbQK3MQEfh9mN5OMqLAzRZceXkD0="},"indexInfo":{"baseKey":"Ba0GLglefvuy1gCLVhSWHQZzOH1paD2CCJwr6uIWighL","baseKeyType":1,"closed":-1,"used":1753549481929,"created":1753549481929,"remoteIdentityKey":"BXxk+lO2MjDqPwGIme3cRE4jX5gi2nbTSnFkHR0URNxe"},"_chains":{"BQNrv6y5sK9fPKTPQgqZpcmZScIBXWGgfRTHAJG+vBts":{"chainKey":{"counter":0,"key":"v8aXhM+wTqQulvQN11Wk1BgwaYn3CZdDG/i4BtwYenc="},"chainType":1,"messageKeys":{}}},"pendingPreKey":{"signedKeyId":3,"baseKey":"Ba0GLglefvuy1gCLVhSWHQZzOH1paD2CCJwr6uIWighL"}}},"version":"v1"}