{"_sessions":{"BaAT/ry8NoQOfA0nkUDZH/OylZWeuFgTDVGUAl8HJ0Zk":{"registrationId":212936623,"currentRatchet":{"ephemeralKeyPair":{"pubKey":"BapGVjRSDMhopfhtUp4L2Kffg0r8Rcej1ZgAXk+0+KMs","privKey":"aLvq0yAwIbvzYZanevI3naTrVgePH9Iz9TPwTOYCvWw="},"lastRemoteEphemeralKey":"Bf1v1laTsnAoipw5gwwwurln8rLpmKyuGeJvojKzNYht","previousCounter":0,"rootKey":"4QiiVido7mIBMIBxddLxRWThkwJP7QS7ytMZNwcb23s="},"indexInfo":{"baseKey":"BaAT/ry8NoQOfA0nkUDZH/OylZWeuFgTDVGUAl8HJ0Zk","baseKeyType":2,"closed":-1,"used":1753458040254,"created":1753458040254,"remoteIdentityKey":"BUPn/jRpgvGdoNj9R9IhxvF8ITdFQR4TNB2jqUNvhso/"},"_chains":{"Bf1v1laTsnAoipw5gwwwurln8rLpmKyuGeJvojKzNYht":{"chainKey":{"counter":0,"key":"9N7fCkNfEs5WBLUqtkQQB8HnBsI6ZSX33h2Ux+Xq5ow="},"chainType":2,"messageKeys":{}},"BapGVjRSDMhopfhtUp4L2Kffg0r8Rcej1ZgAXk+0+KMs":{"chainKey":{"counter":-1,"key":"ojNqljXt1WJAAjdS4Ajlq60gTlnfSHBKDlTmq8Avrj8="},"chainType":1,"messageKeys":{}}}}},"version":"v1"}