{"_sessions":{"BdK8syW+0Pd/dPK5XfGHZ50jPJqtIp+baX8u2BP6xzRE":{"registrationId":883008332,"currentRatchet":{"ephemeralKeyPair":{"pubKey":"BWOZmhLZx234a/X1bPqOi+i+i1wnFpj+ltoc+HNsTOY2","privKey":"SN9zwsYXs2p8IaVJtr3bqPGXG20QDvBiGwKvqe4QP2o="},"lastRemoteEphemeralKey":"BaPjcYO9ugPaAcsD2ncqW/FW8Gi4kmEMU3AdlhlJtl1Y","previousCounter":0,"rootKey":"9uVlMxko3ZwY+uZ9hKGW29uypwEVQ4pxvZr/HXpy6l4="},"indexInfo":{"baseKey":"BdK8syW+0Pd/dPK5XfGHZ50jPJqtIp+baX8u2BP6xzRE","baseKeyType":2,"closed":-1,"used":1753458047360,"created":1753458047360,"remoteIdentityKey":"BRhmc+8KwzJA/WquAofIkwSQEz28ly3HiHGWzRQ2O2sl"},"_chains":{"BaPjcYO9ugPaAcsD2ncqW/FW8Gi4kmEMU3AdlhlJtl1Y":{"chainKey":{"counter":0,"key":"/ZLsrxiFfyeXUkcMukFKJUtkthvRbKIdY1W1+c9FqwM="},"chainType":2,"messageKeys":{}},"BWOZmhLZx234a/X1bPqOi+i+i1wnFpj+ltoc+HNsTOY2":{"chainKey":{"counter":-1,"key":"odjNVa9uv6NgaJGekBUJ7w/UtPVjcJOPCdei5A979G4="},"chainType":1,"messageKeys":{}}}}},"version":"v1"}