{"_sessions":{"BcuwbohE1MjjXHvHv2TIC0kc+0gxfXQ3thOdffwqWM0v":{"registrationId":535024654,"currentRatchet":{"ephemeralKeyPair":{"pubKey":"BfNdXjJGJDlccehbd/J9MZqGshZ0SE8z9aRIORXr1q4O","privKey":"mEABjXUGKWveJNhtGuxGHH6hqhjp1lxEYUmMnI4MGGs="},"lastRemoteEphemeralKey":"BccvoeOUVhmGspXdkt0GqNfUJ7i8zbj9j4aRnC9HoklY","previousCounter":0,"rootKey":"VrNuYbfuS9dT3gM1QNo3200Dy2AAYv340zAly67OUvA="},"indexInfo":{"baseKey":"BcuwbohE1MjjXHvHv2TIC0kc+0gxfXQ3thOdffwqWM0v","baseKeyType":1,"closed":-1,"used":1753549481737,"created":1753549481737,"remoteIdentityKey":"BW7gpjv7374VyFd8MSZkG4/Abutr3SdQUdSD38DgUCwA"},"_chains":{"BfNdXjJGJDlccehbd/J9MZqGshZ0SE8z9aRIORXr1q4O":{"chainKey":{"counter":0,"key":"kQnKLI+cj9V9JCoIXiBKG3M/FWlHKngglj/sHU5od78="},"chainType":1,"messageKeys":{}}},"pendingPreKey":{"signedKeyId":13819737,"baseKey":"BcuwbohE1MjjXHvHv2TIC0kc+0gxfXQ3thOdffwqWM0v","preKeyId":880}}},"version":"v1"}