{"_sessions":{"BdIg3iTXu9Fkjdhyw5FT+m8DBadWrYS6VuIeAhdsYtAf":{"registrationId":6388,"currentRatchet":{"ephemeralKeyPair":{"pubKey":"BfrLYdqXAPfBm2271uG2xZB+ls/mjBwdPC1fveLeUsJl","privKey":"eHtibEIJiMdIsw3wES4XDVu9S0zLIxZcjMb21IqPAUQ="},"lastRemoteEphemeralKey":"BediGp3VXV9FaYf0yHrm6tZYO8+OKHuvQqFhYfwB1RV1","previousCounter":0,"rootKey":"ML3muaOPiL9B7ETqirLE0xzA1XvE8xNmdwm4lcsqQxw="},"indexInfo":{"baseKey":"BdIg3iTXu9Fkjdhyw5FT+m8DBadWrYS6VuIeAhdsYtAf","baseKeyType":1,"closed":-1,"used":1753549482504,"created":1753549482504,"remoteIdentityKey":"BRMGo48Ju5I82sA3EZCmf2GIBhlVeb8lwreezR0gSwxe"},"_chains":{"BfrLYdqXAPfBm2271uG2xZB+ls/mjBwdPC1fveLeUsJl":{"chainKey":{"counter":0,"key":"ShabaanRGmt3Mta41HIhoy6GHsFvIeezvR+6Nx414eQ="},"chainType":1,"messageKeys":{}}},"pendingPreKey":{"signedKeyId":1,"baseKey":"BdIg3iTXu9Fkjdhyw5FT+m8DBadWrYS6VuIeAhdsYtAf","preKeyId":34}}},"version":"v1"}