{"_sessions":{"BaiwWPs/VHH5v3Scmu1z7mcsCC96SWgy8Ju94FledGZ8":{"registrationId":1901632891,"currentRatchet":{"ephemeralKeyPair":{"pubKey":"BV2haLS10RtADUPL1JKhJGbDTjXPtkIZX+9zN3mchCIe","privKey":"UPCm7BU3V3sK7c/TEZwZrab7vzhcaT+oV7Ouvh/yMF0="},"lastRemoteEphemeralKey":"BYXMEJsxIL7aruFDAa32Qg+WS9PYwoHu5sC7+7CiNFkk","previousCounter":0,"rootKey":"6kFQF0bh6rPPn/LCkXlnUI0C6W8rTBxWbTsm/Esqhvk="},"indexInfo":{"baseKey":"BaiwWPs/VHH5v3Scmu1z7mcsCC96SWgy8Ju94FledGZ8","baseKeyType":1,"closed":-1,"used":1753549481902,"created":1753549481902,"remoteIdentityKey":"BdyX+5Tq9dDVmR4OjyohISWdD2X39ACjfclcLlGp2LcH"},"_chains":{"BV2haLS10RtADUPL1JKhJGbDTjXPtkIZX+9zN3mchCIe":{"chainKey":{"counter":0,"key":"y6Q9V2+3853FtGm+nobOse0/rBGh/ClNgysO66xCugA="},"chainType":1,"messageKeys":{}}},"pendingPreKey":{"signedKeyId":7548837,"baseKey":"BaiwWPs/VHH5v3Scmu1z7mcsCC96SWgy8Ju94FledGZ8","preKeyId":3652}}},"version":"v1"}