{"_sessions":{"BYVW01LReiFXViNLxtF4i4S7vm/irZ03/8uAEv6p6F5F":{"registrationId":1084776827,"currentRatchet":{"ephemeralKeyPair":{"pubKey":"Bf/BiokMofOFuOlD0GJg2vZ5RO2qSRxRliZPPGIvyNh4","privKey":"uKfkNwBoEmwRz3XZBKJxJyzZWD5D8Hsl/8MAziKKl1U="},"lastRemoteEphemeralKey":"BbxSRVxH19yE4T0y9UZh5ltBNIGQagWWgU0tFxboIucW","previousCounter":0,"rootKey":"7pg4+sxC24iI+q7DD+wkBWUmXYVfjRHMw/qQ0rRCtdQ="},"indexInfo":{"baseKey":"BYVW01LReiFXViNLxtF4i4S7vm/irZ03/8uAEv6p6F5F","baseKeyType":1,"closed":-1,"used":1753549481880,"created":1753549481880,"remoteIdentityKey":"BUcf/qA/ILWr2f9YThV0JB9J1haZQcnctm1/5q0hl4Rj"},"_chains":{"Bf/BiokMofOFuOlD0GJg2vZ5RO2qSRxRliZPPGIvyNh4":{"chainKey":{"counter":0,"key":"tSsoQUsfWxhasOoZFeGIABAIC4p887b9BaBnaZiWKoM="},"chainType":1,"messageKeys":{}}},"pendingPreKey":{"signedKeyId":4,"baseKey":"BYVW01LReiFXViNLxtF4i4S7vm/irZ03/8uAEv6p6F5F","preKeyId":2239415}}},"version":"v1"}