{"_sessions":{"BaOU2FcWm7kO6VWbXK5B/OVzcaTItW3Ya8u5XgHQvTI6":{"registrationId":50988194,"currentRatchet":{"ephemeralKeyPair":{"pubKey":"BUsgU8gsQPV6Zhgqq1JjVVud5lI03HitML6HtdpYU4AP","privKey":"+IeyGbsPP5J5L7L6G4IjzryMCPE/rB8Qkw1q+NOlmkg="},"lastRemoteEphemeralKey":"BUshpPUmihJxvv0knIHs56TtS+VCfePw8jAVjmrcA4ku","previousCounter":0,"rootKey":"M8g+0ITN3O5jtE4yJRhUBXCFTqq1cVBfqqVQq2hMhD8="},"indexInfo":{"baseKey":"BaOU2FcWm7kO6VWbXK5B/OVzcaTItW3Ya8u5XgHQvTI6","baseKeyType":1,"closed":-1,"used":1753549481874,"created":1753549481874,"remoteIdentityKey":"BYjKfcW4soOyUuW9YJpHWKxM4YjgNcIfhkQf92BJaKMU"},"_chains":{"BUsgU8gsQPV6Zhgqq1JjVVud5lI03HitML6HtdpYU4AP":{"chainKey":{"counter":0,"key":"m0veZOuDQ8L7LvlHo+10YKgvi4i+caUfr52StMsiLX4="},"chainType":1,"messageKeys":{}}},"pendingPreKey":{"signedKeyId":9,"baseKey":"BaOU2FcWm7kO6VWbXK5B/OVzcaTItW3Ya8u5XgHQvTI6","preKeyId":14712404}}},"version":"v1"}