{"_sessions":{"BcWZzA0E+hsSknNkEXxAL9QPDpdWq/JhQgiOiCaxQO9j":{"registrationId":2118584705,"currentRatchet":{"ephemeralKeyPair":{"pubKey":"BbGuA+7+t0UdlGJGJwTaovjWT8sxa//KrkXiFIox+v0+","privKey":"mK0C4sUM6oeqXcCCM/e20+FAQgjCRBTnTAVPiEkVvWI="},"lastRemoteEphemeralKey":"BTmdc9Yx3kPnHwkJZzz652CxMYZ8/h6xBX/jbliEo3sX","previousCounter":0,"rootKey":"NBaTRvFYqRpChup4x8ECTn5JIoi3NKZ3c34umXzwYJ0="},"indexInfo":{"baseKey":"BcWZzA0E+hsSknNkEXxAL9QPDpdWq/JhQgiOiCaxQO9j","baseKeyType":2,"closed":-1,"used":1753461839940,"created":1753461839940,"remoteIdentityKey":"BSZ7e5NipmaTP0+cvH7IHeX1urSrsSAjtXE2FGMjX7gZ"},"_chains":{"BTmdc9Yx3kPnHwkJZzz652CxMYZ8/h6xBX/jbliEo3sX":{"chainKey":{"counter":0,"key":"Fv7FWDuZU1T0lNiLTzk2o/vn4PiIl5eR2Hcv9p67WwM="},"chainType":2,"messageKeys":{}},"BbGuA+7+t0UdlGJGJwTaovjWT8sxa//KrkXiFIox+v0+":{"chainKey":{"counter":-1,"key":"e0a9wYG37U/08WWsLAtpAUZgqQbkUqGVUi2sHHMPwOg="},"chainType":1,"messageKeys":{}}}}},"version":"v1"}