{"_sessions":{"BbHhCzHM4MvccMt0zCoxl6LJXhoJvkXBPpxc7b+qbVBB":{"registrationId":1073902427,"currentRatchet":{"ephemeralKeyPair":{"pubKey":"BXoTp5JUK85bhiPsf+Tp1gY1WjaX0Pj5uG/4hczfCfFW","privKey":"SCFODH90Q9UsJhSqWBPZbS5Ko7HahCeeHmyOEGFcOmc="},"lastRemoteEphemeralKey":"BQLHw4DXNTYq5HKJjEMg9Mam+6OG71XDxSriIOo+BUVP","previousCounter":0,"rootKey":"V+2ztsXjiZNDVZ5YqrgjHz+gJL2X4akoI4ZjRm8WlKg="},"indexInfo":{"baseKey":"BbHhCzHM4MvccMt0zCoxl6LJXhoJvkXBPpxc7b+qbVBB","baseKeyType":1,"closed":-1,"used":1753549481817,"created":1753549481817,"remoteIdentityKey":"BXUYRn2Wih2zDZzpCJehvjFtc7p83qgZPPeML+Ja6eN1"},"_chains":{"BXoTp5JUK85bhiPsf+Tp1gY1WjaX0Pj5uG/4hczfCfFW":{"chainKey":{"counter":0,"key":"PAqfzZl1zxu8MzMAUoLtLsCAiinqodH3n6igxLBmtzg="},"chainType":1,"messageKeys":{}}},"pendingPreKey":{"signedKeyId":2,"baseKey":"BbHhCzHM4MvccMt0zCoxl6LJXhoJvkXBPpxc7b+qbVBB"}}},"version":"v1"}