{"_sessions":{"BdRUbNCAzYgo/+xTkFc2bokvcEUY14MYi6zrvAmKcGQW":{"registrationId":1874635928,"currentRatchet":{"ephemeralKeyPair":{"pubKey":"BSkPWY7SiuaxPwqfyXOpYPX/zmYKOOvQ+eTMF7t3BgIa","privKey":"yPOs87WIqqs+f1FC9iiGwup4rXpD/GhLwaRFz3f8Q34="},"lastRemoteEphemeralKey":"BV3jUhH7dA8fBmLvG8ZOh+BJOyB6TO3Xi4zPq0It9xds","previousCounter":0,"rootKey":"FLvMSKWhygWPVAveQihHrMH3QfIyCd1ZFzm5IME4vRs="},"indexInfo":{"baseKey":"BdRUbNCAzYgo/+xTkFc2bokvcEUY14MYi6zrvAmKcGQW","baseKeyType":1,"closed":-1,"used":1753549481754,"created":1753549481754,"remoteIdentityKey":"BaXs7TQt7ivPy6EdFGo0GjOuCqbATl5m6Enkn6FRGpRS"},"_chains":{"BSkPWY7SiuaxPwqfyXOpYPX/zmYKOOvQ+eTMF7t3BgIa":{"chainKey":{"counter":0,"key":"4ZqOOwVYn/7oTuDWUwjghEZM3BzGSxYc5/GXAZmHoFY="},"chainType":1,"messageKeys":{}}},"pendingPreKey":{"signedKeyId":16,"baseKey":"BdRUbNCAzYgo/+xTkFc2bokvcEUY14MYi6zrvAmKcGQW","preKeyId":5241762}}},"version":"v1"}