{"_sessions":{"Bb2jN4PaAY0MpdN59VrY0RZvR+qja08tcTLtHrJ8X55Z":{"registrationId":5988,"currentRatchet":{"ephemeralKeyPair":{"pubKey":"BS2X5vcl8mFxbr07Hf60hvffD1vQ/UgFep5E6MrMgvEX","privKey":"0JrJ6HaUSqBE5UO1Msmwwn0MDmYHFm8zEYkSzxmLhnM="},"lastRemoteEphemeralKey":"Bd18dxU/Yduu5WvfY//DIiUO1xoenOi46pSAWbQpr346","previousCounter":0,"rootKey":"omGBgxU06GqdfKnpqPmsAJ1WNGGQjoNibhjykwaRteE="},"indexInfo":{"baseKey":"Bb2jN4PaAY0MpdN59VrY0RZvR+qja08tcTLtHrJ8X55Z","baseKeyType":1,"closed":-1,"used":1753549482482,"created":1753549482482,"remoteIdentityKey":"BXpxqhryCnIwOXrldkXbdOA8yzZONXz4G/pxrWRtp9t8"},"_chains":{"BS2X5vcl8mFxbr07Hf60hvffD1vQ/UgFep5E6MrMgvEX":{"chainKey":{"counter":0,"key":"Kb06UWACYtAmluuLdbPJ+ev+jmViTEFGldjetaN6ImM="},"chainType":1,"messageKeys":{}}},"pendingPreKey":{"signedKeyId":1,"baseKey":"Bb2jN4PaAY0MpdN59VrY0RZvR+qja08tcTLtHrJ8X55Z"}}},"version":"v1"}