{"_sessions":{"BR7b7vEbLmfOTLdYRGujJR98ruVPQmdbtwX5y9vUbXMX":{"registrationId":615154300,"currentRatchet":{"ephemeralKeyPair":{"pubKey":"BePmdKtTuWZgHzwjMurCQLkG9+zh+2mcrfTWL0ntjm05","privKey":"OE4B2ucqR6NtIBgpsx+eiQ0XZllWdiSWvtCk3c2PJVw="},"lastRemoteEphemeralKey":"BeyoMuPfK/U0NQXW6ATeFlNZoPaQriFgW5y6gEY8Zp0w","previousCounter":0,"rootKey":"cRNtOn2qyaku6YbGNgEQSEA7WOl9yI+6u/+V9H6IeXs="},"indexInfo":{"baseKey":"BR7b7vEbLmfOTLdYRGujJR98ruVPQmdbtwX5y9vUbXMX","baseKeyType":1,"closed":-1,"used":1753549482468,"created":1753549482468,"remoteIdentityKey":"BbOU3ePu0UA3ZkpfAOn1aUca5bsDNzULFSzGDL1u/AIx"},"_chains":{"BePmdKtTuWZgHzwjMurCQLkG9+zh+2mcrfTWL0ntjm05":{"chainKey":{"counter":0,"key":"1u0nxnXd7jJZYwHBTJKyY75YD0S6ji8COMFGf+vwj2k="},"chainType":1,"messageKeys":{}}},"pendingPreKey":{"signedKeyId":35,"baseKey":"BR7b7vEbLmfOTLdYRGujJR98ruVPQmdbtwX5y9vUbXMX","preKeyId":5625}}},"version":"v1"}