{"_sessions":{"BQuLtXfPfIFCs9fEmLx9O4eJR1D0lCJ48tswxzEO2+F/":{"registrationId":1748004670,"currentRatchet":{"ephemeralKeyPair":{"pubKey":"BepK22ahLEb0Zx2ldgrbs/wk4BSnGEjokF6AAtG5P4IE","privKey":"yCWbdtwe+Gxx8KaihlXvG8h1+dyc1MPu+z1G91xX0E8="},"lastRemoteEphemeralKey":"BYQXO9tG169nunrz2LjChsuZ61KedS6rQ4SKp2EF9UNo","previousCounter":0,"rootKey":"lZm2JqBCcSa4bTE5LzwPV/TVB5lFMSNGmMigCuT0vpk="},"indexInfo":{"baseKey":"BQuLtXfPfIFCs9fEmLx9O4eJR1D0lCJ48tswxzEO2+F/","baseKeyType":1,"closed":-1,"used":1753549481799,"created":1753549481799,"remoteIdentityKey":"BcPPfBl4Ut01Cd4ialLa6R5fwzeZmDgrQa6jwkacNJtB"},"_chains":{"BepK22ahLEb0Zx2ldgrbs/wk4BSnGEjokF6AAtG5P4IE":{"chainKey":{"counter":0,"key":"tcYthg7ra42twrQjfFxBVs1Ghgdw05pLuE4VpkKUMlU="},"chainType":1,"messageKeys":{}}},"pendingPreKey":{"signedKeyId":2,"baseKey":"BQuLtXfPfIFCs9fEmLx9O4eJR1D0lCJ48tswxzEO2+F/","preKeyId":15964653}}},"version":"v1"}