{"_sessions":{"BZj29BPg3k3unG8pPpgsSbhNfdh+F80gXZ4SgQBb2csp":{"registrationId":1154788490,"currentRatchet":{"ephemeralKeyPair":{"pubKey":"BVal1FDB/eTTyHckOXrajmXgck7y6BbSZYtiuQOLG9Yz","privKey":"YD2tvelHo+tR0Wto9vrZ1ZfvObzrmsje/dPgihXt1VI="},"lastRemoteEphemeralKey":"Ba0eVZJAbCgO2y13gQo7jZd2KIvunPqWOK/mRvEt14xC","previousCounter":0,"rootKey":"GV66AgBmQ6mwHKmUJwcgWW5hKYUhiWHGUCMQsqrRIcM="},"indexInfo":{"baseKey":"BZj29BPg3k3unG8pPpgsSbhNfdh+F80gXZ4SgQBb2csp","baseKeyType":1,"closed":-1,"used":1753549481774,"created":1753549481774,"remoteIdentityKey":"BTaeL9swJvjOgGMYVCbFtJFwKIFnc+ComKiPztDgsnFR"},"_chains":{"BVal1FDB/eTTyHckOXrajmXgck7y6BbSZYtiuQOLG9Yz":{"chainKey":{"counter":0,"key":"Vy65VDOWV7KG92JkEhMAoKxB0JD6yU4RUkUOdnIYPgg="},"chainType":1,"messageKeys":{}}},"pendingPreKey":{"signedKeyId":3,"baseKey":"BZj29BPg3k3unG8pPpgsSbhNfdh+F80gXZ4SgQBb2csp","preKeyId":13813154}}},"version":"v1"}