{"_sessions":{"BckLbp8qW8LpDX8kO00PVvdcTs7hKo1E35jjuXGJKD5G":{"registrationId":1231203069,"currentRatchet":{"ephemeralKeyPair":{"pubKey":"BXfxPz7l1MpobgOFxqVY3UEisuo1xbv0a1aFtjyPGI8D","privKey":"cKolfH5QJgnKQNqJ2oa6V4xaIkSsvmuNW6HHQOSPyW8="},"lastRemoteEphemeralKey":"BYdSxowdPV3e36xAHGRXUt7uSDFxj/rPBHjKxr4RuZ13","previousCounter":0,"rootKey":"gdx7IbdYmxefy+zxGaXqcsvd8pxt9VJZK7l1qI6WOcA="},"indexInfo":{"baseKey":"BckLbp8qW8LpDX8kO00PVvdcTs7hKo1E35jjuXGJKD5G","baseKeyType":1,"closed":-1,"used":1753549481726,"created":1753549481726,"remoteIdentityKey":"Bf5G0xWpGDQ/TWEfs0cfmgEx6HeLPtxzK4zom3TTLFRF"},"_chains":{"BXfxPz7l1MpobgOFxqVY3UEisuo1xbv0a1aFtjyPGI8D":{"chainKey":{"counter":0,"key":"NoWO9QuDwJxuhRbnIDBv2MG0ZhndEXvf7Ay1keg9qys="},"chainType":1,"messageKeys":{}}},"pendingPreKey":{"signedKeyId":3,"baseKey":"BckLbp8qW8LpDX8kO00PVvdcTs7hKo1E35jjuXGJKD5G"}}},"version":"v1"}