{"_sessions":{"BdEEg8/ihDr+84mWO0+3n3mRDxA4QyMaFDj2G37M0zl7":{"registrationId":1185847446,"currentRatchet":{"ephemeralKeyPair":{"pubKey":"BVg/ceMUROVu+eux0Ht+C8KZPaCSTsazH2rFndTJVv1e","privKey":"4LpvSTpv0u6J3ZTaCE4QsDsH+ab3NvIMsQ2xrwDS6nE="},"lastRemoteEphemeralKey":"BTJEFswaenBqzU8DY6xWxgpTHHN6hPnKkDNQSH1fTyti","previousCounter":0,"rootKey":"M2U6Ixja747E20KSH7OELgRY87cZ5nky+FJmjfhgex0="},"indexInfo":{"baseKey":"BdEEg8/ihDr+84mWO0+3n3mRDxA4QyMaFDj2G37M0zl7","baseKeyType":1,"closed":-1,"used":1753549481863,"created":1753549481863,"remoteIdentityKey":"BfR6Jw39aHGwszW1gs1iuUhOQuWM0XTCLUtkjYjc8L0X"},"_chains":{"BVg/ceMUROVu+eux0Ht+C8KZPaCSTsazH2rFndTJVv1e":{"chainKey":{"counter":0,"key":"gmNEA2wbRYhC+l/65fVxf5NOre4NN+vu1aL9WT0SjEo="},"chainType":1,"messageKeys":{}}},"pendingPreKey":{"signedKeyId":7,"baseKey":"BdEEg8/ihDr+84mWO0+3n3mRDxA4QyMaFDj2G37M0zl7","preKeyId":6749810}}},"version":"v1"}