{"_sessions":{"Bf27p4vc+OxKpzDohLCqCJLYe8st5S0B0acDnu/NP+8q":{"registrationId":1415483904,"currentRatchet":{"ephemeralKeyPair":{"pubKey":"BV7+2PG3Lo3k7NSIZsjQMhGl7HmAiUtsZRaHYSEh930N","privKey":"SCcU0RfqxtHPyB+aVp6b9q6wMKey2UBn4Zy8Xrrj3UE="},"lastRemoteEphemeralKey":"BdpMVyW/OEA553e4aE+TZrPZFd7fI/ffJG9WcIhsTQ0F","previousCounter":0,"rootKey":"SAm6uXPk9iNCASrbFMMHx6YAFHTQEv7VbEl3p1wDfSs="},"indexInfo":{"baseKey":"Bf27p4vc+OxKpzDohLCqCJLYe8st5S0B0acDnu/NP+8q","baseKeyType":2,"closed":-1,"used":1753458040633,"created":1753458040633,"remoteIdentityKey":"BUeHl4FKQ9YYU/Yy7wQ8sQdRNMztzKtInVUgnOzoyt5/"},"_chains":{"BdpMVyW/OEA553e4aE+TZrPZFd7fI/ffJG9WcIhsTQ0F":{"chainKey":{"counter":1,"key":"6bdns3zjobrO4Ns2pITfvHefRgVNXaduDqevhbLfpUk="},"chainType":2,"messageKeys":{}},"BV7+2PG3Lo3k7NSIZsjQMhGl7HmAiUtsZRaHYSEh930N":{"chainKey":{"counter":-1,"key":"3yJQbPpbIMcgt3Q7MWzn8UNXAXLM6w7ewbHr96DdA98="},"chainType":1,"messageKeys":{}}}}},"version":"v1"}