{"_sessions":{"BZqJQIW6SxZlWVnISj48layTrIMGClfVQ/b7fUmjK71x":{"registrationId":649113585,"currentRatchet":{"ephemeralKeyPair":{"pubKey":"BeTvA6nrWXDe+SON2zy5z0ijVJiVWHXYMMdypoPmGLxY","privKey":"iCg2K3/SIfZjHqjbeYHC5BHwJYf7RdTpt7X3HtAGln8="},"lastRemoteEphemeralKey":"BcNiBYYvb+QxWkFV3zDuP0VBdgml6YWSSabTOKsoz4Ib","previousCounter":0,"rootKey":"Q6j/bwStiFYQ1BHpgvqJMIEcntM5pkuyNxt4Mh4X0ro="},"indexInfo":{"baseKey":"BZqJQIW6SxZlWVnISj48layTrIMGClfVQ/b7fUmjK71x","baseKeyType":1,"closed":-1,"used":1753549481801,"created":1753549481801,"remoteIdentityKey":"Beh1oBW5yXAwbozxDr6+QDxQjVd5XdcTBc8LrPApzdJa"},"_chains":{"BeTvA6nrWXDe+SON2zy5z0ijVJiVWHXYMMdypoPmGLxY":{"chainKey":{"counter":0,"key":"KnMLFQTORAyK/OcPB1up1SCMZE/KCDS/k5ZN01K4PVs="},"chainType":1,"messageKeys":{}}},"pendingPreKey":{"signedKeyId":2,"baseKey":"BZqJQIW6SxZlWVnISj48layTrIMGClfVQ/b7fUmjK71x"}}},"version":"v1"}