{"_sessions":{"BSrQ0V5JZ5QFEAJtJLtYY9om5U9H1PJ4W/hrHG4AEZd+":{"registrationId":31918657,"currentRatchet":{"ephemeralKeyPair":{"pubKey":"Bb62SZjhiCHhxUTRfLnIl0WNts3q4Jl3yNkbGVzzeQRk","privKey":"SEhhiEWejzvpUEVZcVxYzU+Fhd11KD3UUXnN0pEthmM="},"lastRemoteEphemeralKey":"BSTqEfbCklTiFLGpXq/JJZA1JGXhw7Xa7S/1ctVoPik0","previousCounter":0,"rootKey":"xRpRDB5cI/Of1f/XfWKI5Jbdf6xYvRH9fk/PZwvFlRo="},"indexInfo":{"baseKey":"BSrQ0V5JZ5QFEAJtJLtYY9om5U9H1PJ4W/hrHG4AEZd+","baseKeyType":2,"closed":-1,"used":1753458038180,"created":1753458038180,"remoteIdentityKey":"BcK81AsHZ/MDh193PwiHBO9lJ58MP+w6s1a4Ho2/WNc9"},"_chains":{"BSTqEfbCklTiFLGpXq/JJZA1JGXhw7Xa7S/1ctVoPik0":{"chainKey":{"counter":1,"key":"ANjIaJbHltVE2vSJd8H2U1NyxerM5JrNE/Oym7v9E3o="},"chainType":2,"messageKeys":{}},"Bb62SZjhiCHhxUTRfLnIl0WNts3q4Jl3yNkbGVzzeQRk":{"chainKey":{"counter":-1,"key":"AKMmaYT4YKWMVRX/9KbNP7ouYwtEXwMt3MPuA/DbHhQ="},"chainType":1,"messageKeys":{}}}}},"version":"v1"}