{"_sessions":{"BaViLi/WsVdOHuIcK/CvDtVssbfDEiBuM/las3x9nVNL":{"registrationId":1153981583,"currentRatchet":{"ephemeralKeyPair":{"pubKey":"BVj8LGgoI1w5l/Ak0TiMADw19dgLJiq1jxbM7OIPvhd7","privKey":"QBDCO2GMXorYAaeA6Syw64dmpopKROQdYMd0HBF0nXA="},"lastRemoteEphemeralKey":"BUs3KeqjOjevvz4WR+v3Ch13LZrSIxc84bulhWISFwJZ","previousCounter":0,"rootKey":"RffGI+hwyQRKawM1w41B8KgMUZ2xOYWNix/lX5rg5n4="},"indexInfo":{"baseKey":"BaViLi/WsVdOHuIcK/CvDtVssbfDEiBuM/las3x9nVNL","baseKeyType":1,"closed":-1,"used":1753549481807,"created":1753549481807,"remoteIdentityKey":"BT4n3HzsPy/bJxCdZN1no/1thHiJtAtIY8/WgPkuhbwQ"},"_chains":{"BVj8LGgoI1w5l/Ak0TiMADw19dgLJiq1jxbM7OIPvhd7":{"chainKey":{"counter":0,"key":"In+ZlhZ8Ym/FNtkkc0Yu4YuQpr55pWI9P3rJw+zqelE="},"chainType":1,"messageKeys":{}}},"pendingPreKey":{"signedKeyId":6,"baseKey":"BaViLi/WsVdOHuIcK/CvDtVssbfDEiBuM/las3x9nVNL","preKeyId":10471243}}},"version":"v1"}