{"_sessions":{"BRduiSE+bbmBmfje7f8p+oV5K4Je+dqQgApqQaanWXUl":{"registrationId":81,"currentRatchet":{"ephemeralKeyPair":{"pubKey":"Be081jSKe/b+mwpGFKqHfZ2yahEf121TgLsqkZH2gAxM","privKey":"sOuOhOyLMb48x007EZaYpRO70JZxg0gt76N0LfuK8GQ="},"lastRemoteEphemeralKey":"BdBtkAQglDUPHlSt4UA3T/ORSPvJH3uOc2tdpnHxM0Ir","previousCounter":0,"rootKey":"MfnKz24Kptfy915KI51JlJoBgJyHAm0Ixo9gpO3i2+E="},"indexInfo":{"baseKey":"BRduiSE+bbmBmfje7f8p+oV5K4Je+dqQgApqQaanWXUl","baseKeyType":2,"closed":1753458015463,"used":1753456649081,"created":1753456649081,"remoteIdentityKey":"BQtSyTraXIPLnZuVOK2NwBOd/A3Rw9sh8yExGx2LE/5H"},"_chains":{"BdBtkAQglDUPHlSt4UA3T/ORSPvJH3uOc2tdpnHxM0Ir":{"chainKey":{"counter":0,"key":"p11LqNze5UG3TmYOXg/1Vxs2yxIYXUV5mvXIuVrTr8o="},"chainType":2,"messageKeys":{}},"Be081jSKe/b+mwpGFKqHfZ2yahEf121TgLsqkZH2gAxM":{"chainKey":{"counter":-1,"key":"fdp59zn0VzYkoqoHBKKvcwIVVFPRjZkQdvC+WX0D8po="},"chainType":1,"messageKeys":{}}}},"Bado/eo8CDP0E+EKz7DaezXKvrSO4fBEkpOXO45G/XkM":{"registrationId":81,"currentRatchet":{"ephemeralKeyPair":{"pubKey":"BVcHcN1k4MydB1YWUICFC5jxv0Ay+dWkiO3020Tgl+oE","privKey":"2Exi/8IZnkAqqPOmuY6ML242xUXHqaFb8LgQpJwXnGc="},"lastRemoteEphemeralKey":"BWAFjfhlEXGsqWIvHPAhCfPOguz9sznkFg9bB2TaRKYV","previousCounter":0,"rootKey":"Fdnw12jjNlC9iJcLtHO1p95CXGLcqWWG9TRMw8hezGQ="},"indexInfo":{"baseKey":"Bado/eo8CDP0E+EKz7DaezXKvrSO4fBEkpOXO45G/XkM","baseKeyType":2,"closed":-1,"used":1753458015469,"created":1753458015469,"remoteIdentityKey":"BQtSyTraXIPLnZuVOK2NwBOd/A3Rw9sh8yExGx2LE/5H"},"_chains":{"BWAFjfhlEXGsqWIvHPAhCfPOguz9sznkFg9bB2TaRKYV":{"chainKey":{"counter":0,"key":"lmaE3GI41fowxHlEwIkNasiz+HenTYJIiLSD7h1sjAQ="},"chainType":2,"messageKeys":{}},"BVcHcN1k4MydB1YWUICFC5jxv0Ay+dWkiO3020Tgl+oE":{"chainKey":{"counter":-1,"key":"ucektjfAzUfivonWvD1XLtiAaSVgo4xzceOpfmQqlWU="},"chainType":1,"messageKeys":{}}}}},"version":"v1"}