{"_sessions":{"BcEhIj9rwH+n18brFZPQZEmWEg4Dys4rM5khjuB5dbZ9":{"registrationId":531247937,"currentRatchet":{"ephemeralKeyPair":{"pubKey":"BVuA20VatSK/67eXc4VsCrtx8kJsTjEkM2OHNqNAhI4R","privKey":"iGkBBJXYChthYWxZqrHeXJvVJxlqL1mCUfZxTiHdwFE="},"lastRemoteEphemeralKey":"BXxERcumtCktdWgP4zRYIrlW+ZS3rGbxpalohce3cVtm","previousCounter":0,"rootKey":"BB3fxQ5/WhHKJfdzjf+5lQu+llbpTbP1EneenB70SoM="},"indexInfo":{"baseKey":"BcEhIj9rwH+n18brFZPQZEmWEg4Dys4rM5khjuB5dbZ9","baseKeyType":2,"closed":-1,"used":1753455848346,"created":1753455848346,"remoteIdentityKey":"BdW4RGm2Me3RzBKoYiEkdnR3l/JoYSku1l1HOmfyXCk2"},"_chains":{"BXxERcumtCktdWgP4zRYIrlW+ZS3rGbxpalohce3cVtm":{"chainKey":{"counter":4,"key":"Y2pmQ0Zfjg5S88hShLkPjTKlPQT+hT3CT/5QOPQstrw="},"chainType":2,"messageKeys":{}},"BVuA20VatSK/67eXc4VsCrtx8kJsTjEkM2OHNqNAhI4R":{"chainKey":{"counter":-1,"key":"4LccwOjhjyMDgnUVbgb3Ppdwu+P6Dy7tyBYhIAlyDs8="},"chainType":1,"messageKeys":{}}}}},"version":"v1"}