{"_sessions":{"BUBBVOdQhFb/t4i4vMDd0yfpV+gAMtclvtNAs25p7agQ":{"registrationId":830656496,"currentRatchet":{"ephemeralKeyPair":{"pubKey":"BQG44fHlOQUahonbUkFD5ImjB4xWzyELJLm/XulcxT5W","privKey":"aJKR7DZi2xHII+/2dT6ACf2F4rm5SzbEk/YS515Pk2c="},"lastRemoteEphemeralKey":"BeYMmefSdENO+jMqAMVBNaaeJdqBOvurK+UT0xK6ZWpz","previousCounter":0,"rootKey":"hC0zokUFbPJSE+pEd6MJxoefTLTjOq+I+Rx1gxdzqgQ="},"indexInfo":{"baseKey":"BUBBVOdQhFb/t4i4vMDd0yfpV+gAMtclvtNAs25p7agQ","baseKeyType":1,"closed":-1,"used":1753549481748,"created":1753549481748,"remoteIdentityKey":"BbSsosIjt1jZ2N6Ui+k0IRVXLfJ7w46QVQzwwXIEnSAb"},"_chains":{"BQG44fHlOQUahonbUkFD5ImjB4xWzyELJLm/XulcxT5W":{"chainKey":{"counter":0,"key":"mVhzzUJzGwqqrgJXxtu4YUHbD2SB4lJeaHisnrXcM3Y="},"chainType":1,"messageKeys":{}}},"pendingPreKey":{"signedKeyId":5,"baseKey":"BUBBVOdQhFb/t4i4vMDd0yfpV+gAMtclvtNAs25p7agQ","preKeyId":5227948}}},"version":"v1"}