{"_sessions":{"BepeVLMM+xl9iRUS/YAk8cJO/Pa6Dxs1ibgfmjt46nx8":{"registrationId":1202305344,"currentRatchet":{"ephemeralKeyPair":{"pubKey":"BZ+8hXYe7PcfF+D/zkbHUspaVELthP8KqAxjTATenC0B","privKey":"ONjubVuGNzfJqG00uR1EPTwO6a45YFdKlnvRM8PVYnM="},"lastRemoteEphemeralKey":"BUgroVE6tDRVOAIdIz8iUlbIbrM1keIukuk6dUVGzBQK","previousCounter":0,"rootKey":"aMKjyWVxAyEaujg8Y2ugFZoDzU9DL6rCQnkJoeOWVdg="},"indexInfo":{"baseKey":"BepeVLMM+xl9iRUS/YAk8cJO/Pa6Dxs1ibgfmjt46nx8","baseKeyType":1,"closed":-1,"used":1753549481988,"created":1753549481988,"remoteIdentityKey":"BXXxY3gfveSVs2r+qe3q+Z+1081r6E1yC59ZJurGR5s+"},"_chains":{"BZ+8hXYe7PcfF+D/zkbHUspaVELthP8KqAxjTATenC0B":{"chainKey":{"counter":0,"key":"IC/BnFo1/zEudE1wFufcc22yNJrlAxfuSMO+uBFJePU="},"chainType":1,"messageKeys":{}}},"pendingPreKey":{"signedKeyId":7,"baseKey":"BepeVLMM+xl9iRUS/YAk8cJO/Pa6Dxs1ibgfmjt46nx8","preKeyId":7424879}}},"version":"v1"}