{"_sessions":{"Bfh+oW0r+DxU+vsEAhqONmKGCjfcr+YhYfZ1Miz/AXJi":{"registrationId":797794746,"currentRatchet":{"ephemeralKeyPair":{"pubKey":"BepQLvGr6tG8nrVHlBsb6Qc6EB7/99mge6vQ/ienwgpm","privKey":"IEk0seilNucjXVhA5YFJX5Fkzu9FAkqXonYJ8/mg9HA="},"lastRemoteEphemeralKey":"BaaHhUgXP50FYVTV0ret9FF+nJElKZmueYDBVPzwHxEW","previousCounter":0,"rootKey":"hDda6SqJkTxPRvL/akiJVn0d468xgZVA1CzNfOPlwm4="},"indexInfo":{"baseKey":"Bfh+oW0r+DxU+vsEAhqONmKGCjfcr+YhYfZ1Miz/AXJi","baseKeyType":1,"closed":-1,"used":1753549481877,"created":1753549481877,"remoteIdentityKey":"Bfp7lHSDcWnfrHxs3zmM4OfQ5gRJm23q8hPvM19ceKEO"},"_chains":{"BepQLvGr6tG8nrVHlBsb6Qc6EB7/99mge6vQ/ienwgpm":{"chainKey":{"counter":0,"key":"1UGyfypljBgzRaNNQTmJcnJLQZ+G5rNvLXOZEXgzrgk="},"chainType":1,"messageKeys":{}}},"pendingPreKey":{"signedKeyId":1,"baseKey":"Bfh+oW0r+DxU+vsEAhqONmKGCjfcr+YhYfZ1Miz/AXJi","preKeyId":6926969}}},"version":"v1"}