{"_sessions":{"BYrvLXV14z+NzGQUwGfZTI28B8gEyBGicY5cvJhCdV5X":{"registrationId":1226667408,"currentRatchet":{"ephemeralKeyPair":{"pubKey":"BcGmAYZtvahTimDGrYmmfghV7U1pZraCgR8IIg1g4dhS","privKey":"AGgbjIan7azbEVGr+nrFkVY5FpCTozH42LEVCI4QC0Q="},"lastRemoteEphemeralKey":"BUbILpfARwdrBWiwDFvPbwAEsMaVFrwjXDY7L50Nr+Uh","previousCounter":0,"rootKey":"sEOcJOk2bDMTBMBxBxLn4cFU+HvQBH8HFxbl97NJT3E="},"indexInfo":{"baseKey":"BYrvLXV14z+NzGQUwGfZTI28B8gEyBGicY5cvJhCdV5X","baseKeyType":2,"closed":-1,"used":1753456657215,"created":1753456657215,"remoteIdentityKey":"BWXbrENqKhTlTYyJDONdKAcA59ea8Z0jOEJBWIZY42h0"},"_chains":{"BUbILpfARwdrBWiwDFvPbwAEsMaVFrwjXDY7L50Nr+Uh":{"chainKey":{"counter":0,"key":"+RIofEELU6xe4C1C0SPIR1LmKA3PjlJs4C+1QKPDbgQ="},"chainType":2,"messageKeys":{}},"BcGmAYZtvahTimDGrYmmfghV7U1pZraCgR8IIg1g4dhS":{"chainKey":{"counter":-1,"key":"qIOsccgnX4fX88deoUiTfWI3RCOzzi4LnqTjA+ttQtU="},"chainType":1,"messageKeys":{}}}}},"version":"v1"}