{"_sessions":{"BaycNCnNGTWNfDdC6di1vvYkhfAdPZZyDPV/cw349eQC":{"registrationId":610275812,"currentRatchet":{"ephemeralKeyPair":{"pubKey":"BQka4kmPWLRMb8ula+ekvL9toQWgSkQm44m1dLXcRRgE","privKey":"YEHscxFCXaUIwLJjkObtUvmEI1VNjqAU/iC2flkkQE0="},"lastRemoteEphemeralKey":"BcaQyZ2iG3AeeG/6E43IGHDiA9nzNIyvL45jKpDOBE9+","previousCounter":0,"rootKey":"RRiwAOLkPyt/bmN5uIVkggpoKIQePAfF7y9Ba0QjiI0="},"indexInfo":{"baseKey":"BaycNCnNGTWNfDdC6di1vvYkhfAdPZZyDPV/cw349eQC","baseKeyType":1,"closed":-1,"used":1753549481757,"created":1753549481757,"remoteIdentityKey":"Bd8KYQjQZsZuVAYEFpTZZ0+x/hCWkQkViYFHTsidjUFd"},"_chains":{"BQka4kmPWLRMb8ula+ekvL9toQWgSkQm44m1dLXcRRgE":{"chainKey":{"counter":0,"key":"Ooh6hiF99Ba11/AkaEAEvtek/ZLRLMnY8NcZrVawaV0="},"chainType":1,"messageKeys":{}}},"pendingPreKey":{"signedKeyId":7,"baseKey":"BaycNCnNGTWNfDdC6di1vvYkhfAdPZZyDPV/cw349eQC","preKeyId":12014988}}},"version":"v1"}