{"_sessions":{"BYUlrl+ZcK5mO9ODo8Q856TVjBEUooaWCj4x2mb8A/ll":{"registrationId":2052776230,"currentRatchet":{"ephemeralKeyPair":{"pubKey":"BX7BvwDuKfIiQd1X4mcCCqWEvQeVLwmrB9z5l+aaYgkO","privKey":"kP1apj+ad6Z3GTlec4aZOBdONu3qx13m820uCE+AjVU="},"lastRemoteEphemeralKey":"BUgeWVSn7s9HDJZrcGd/4nTchzgQybkGp8Su7dW7GzM5","previousCounter":0,"rootKey":"jIYwJtOA+k3KQl5Z5VK0/ZWlttfZv99ia5rCvjpt5cs="},"indexInfo":{"baseKey":"BYUlrl+ZcK5mO9ODo8Q856TVjBEUooaWCj4x2mb8A/ll","baseKeyType":1,"closed":-1,"used":1753549482002,"created":1753549482002,"remoteIdentityKey":"BWSdwU0wvUYVVgTbSgfpWbnguTFVXSD7mkx+ptKuX6Rs"},"_chains":{"BX7BvwDuKfIiQd1X4mcCCqWEvQeVLwmrB9z5l+aaYgkO":{"chainKey":{"counter":0,"key":"WpD4YbU3Pqn7GR3zSId+rSHAhTj3NXu7z1jznVsdwF8="},"chainType":1,"messageKeys":{}}},"pendingPreKey":{"signedKeyId":26,"baseKey":"BYUlrl+ZcK5mO9ODo8Q856TVjBEUooaWCj4x2mb8A/ll"}}},"version":"v1"}