{"_sessions":{"Bclk48HOqCtgpQGvGnX1Pd3IEyNCdh7uXj4CFp52ICou":{"registrationId":1193072803,"currentRatchet":{"ephemeralKeyPair":{"pubKey":"BbCAjD/ynXodu7lVQQdeo1a9WeL3ChDGoOMdGs5fQkhN","privKey":"UIQfxPr9YhgQtaezPxwHMnu+YvYF3KjjbrGYpXrztHM="},"lastRemoteEphemeralKey":"BWgSJTzS5MtScuBDHSXTnxugIKSkS7QpJ7jyDEVSqqYx","previousCounter":0,"rootKey":"qD/IMCogtzBEU3LElu/bzDYTPJxInjFVk2mCwXoP79c="},"indexInfo":{"baseKey":"Bclk48HOqCtgpQGvGnX1Pd3IEyNCdh7uXj4CFp52ICou","baseKeyType":2,"closed":-1,"used":1753549477946,"created":1753549477946,"remoteIdentityKey":"BVosFr4ho92msnC6JbWpHNdogkZ0Z1l9Oqd8Xm2KN9lh"},"_chains":{"BWgSJTzS5MtScuBDHSXTnxugIKSkS7QpJ7jyDEVSqqYx":{"chainKey":{"counter":1,"key":"WZ9i78nem0njLWgebNBZjGicKMW1ljd9ymQbkh6yFIU="},"chainType":2,"messageKeys":{}},"BbCAjD/ynXodu7lVQQdeo1a9WeL3ChDGoOMdGs5fQkhN":{"chainKey":{"counter":0,"key":"puMFP4GA5rCCRiFBNj0c5PjrgRw3z+dFuX5jVJkBxkY="},"chainType":1,"messageKeys":{}}}}},"version":"v1"}