{"_sessions":{"BSxpdPX7mOuoG2be4Mo5k9k0KytTRKBjJn1iIBKyVhpP":{"registrationId":978861438,"currentRatchet":{"ephemeralKeyPair":{"pubKey":"BZp/9rH9wB8j6Qws4axo89FsxgveSrt+00SzheSuevxN","privKey":"AG9J+sZUuPQsyCkB7lvcgdp4AgrUcz4oGo+ajuqq01M="},"lastRemoteEphemeralKey":"BVVKRvjjp6YuC3jS6weBVYwcy7hR8z617RefV4O30ARS","previousCounter":0,"rootKey":"OvXGxpU9lO0uXAjfax32JiVZJGNgvJrGtbJ3dSMROgQ="},"indexInfo":{"baseKey":"BSxpdPX7mOuoG2be4Mo5k9k0KytTRKBjJn1iIBKyVhpP","baseKeyType":1,"closed":-1,"used":1753549481956,"created":1753549481956,"remoteIdentityKey":"BQIHp6yq94G70+imkTMm0GZhSIHRmuw8vAWKIQPIMK8p"},"_chains":{"BZp/9rH9wB8j6Qws4axo89FsxgveSrt+00SzheSuevxN":{"chainKey":{"counter":0,"key":"A1SHfhrDBlA/bk5rjuhrelATEdl4+11kojEwQQt36YQ="},"chainType":1,"messageKeys":{}}},"pendingPreKey":{"signedKeyId":5,"baseKey":"BSxpdPX7mOuoG2be4Mo5k9k0KytTRKBjJn1iIBKyVhpP","preKeyId":14697651}}},"version":"v1"}