{"_sessions":{"BcpXAbfRfYSlTl/v9+3H/FIg0+zF0QbijiH1UHOwDWQC":{"registrationId":2882,"currentRatchet":{"ephemeralKeyPair":{"pubKey":"BWCAeOIFfiGlDuS6S3SntkPh3+vSqgYxGPTxayAChGYs","privKey":"kNLzEK8Zve84jgHNnxrGMJDCzFTXjVK9XKgbKcAvGU8="},"lastRemoteEphemeralKey":"Bae3rdeDixgFWlgPwzVNESklcYWElEnMVzJxmJR0r2IA","previousCounter":0,"rootKey":"PV+03/JTVLMLaczXOUUUlsEg0ctMsBmQ0q42orZ6c0I="},"indexInfo":{"baseKey":"BcpXAbfRfYSlTl/v9+3H/FIg0+zF0QbijiH1UHOwDWQC","baseKeyType":1,"closed":-1,"used":1753549482471,"created":1753549482471,"remoteIdentityKey":"BV+R+WGEQWJLKtXdx/ESnUUcwvht1zTuV3XCK58ZmHVA"},"_chains":{"BWCAeOIFfiGlDuS6S3SntkPh3+vSqgYxGPTxayAChGYs":{"chainKey":{"counter":0,"key":"IVGemhRVDwxM2hFvWWc4Q47Fa2pr8Q8cN9onDJF3SbU="},"chainType":1,"messageKeys":{}}},"pendingPreKey":{"signedKeyId":1,"baseKey":"BcpXAbfRfYSlTl/v9+3H/FIg0+zF0QbijiH1UHOwDWQC","preKeyId":715}}},"version":"v1"}