{"_sessions":{"BRwkZ0yGQ6h6hIt40pkK0dA/QTxqmhMfMXt2IPcu4uJM":{"registrationId":2039630511,"currentRatchet":{"ephemeralKeyPair":{"pubKey":"BbmmKU+wFgjlYgMOE4beg6205A0lClarlxzxd3qLcMhg","privKey":"GPWjZ/nlDMeDtycgcqrHyeSjGDjWjFz0R1vr5lSAOnA="},"lastRemoteEphemeralKey":"BSE6RQDDzgTw6FTzvaICsUUE/IpYw0bQll3kxGqox8o9","previousCounter":0,"rootKey":"YxYxtgepthGNo5lMD7uXtYhcU2iT8T8eHZr3j1i7Cdw="},"indexInfo":{"baseKey":"BRwkZ0yGQ6h6hIt40pkK0dA/QTxqmhMfMXt2IPcu4uJM","baseKeyType":1,"closed":-1,"used":1753549482004,"created":1753549482004,"remoteIdentityKey":"BdXWNqQkjfgNKau8mRDdhr6JO2B3RPYV4plKPBLBBLo9"},"_chains":{"BbmmKU+wFgjlYgMOE4beg6205A0lClarlxzxd3qLcMhg":{"chainKey":{"counter":0,"key":"ZyXu05Ybril6U2brCiFW+8VghV9kRh9kqUXQfc1vq/0="},"chainType":1,"messageKeys":{}}},"pendingPreKey":{"signedKeyId":5162876,"baseKey":"BRwkZ0yGQ6h6hIt40pkK0dA/QTxqmhMfMXt2IPcu4uJM","preKeyId":2829}}},"version":"v1"}