{"_sessions":{"BaJ/3M7yNin5YSvjwPFlLkX/Pq7ryyy2LjvmnPawCEwA":{"registrationId":1694862398,"currentRatchet":{"ephemeralKeyPair":{"pubKey":"BU0GkBoP/WFllYPFCZ7RiQa9eUWS6x9LtgQp/3TGo5Mv","privKey":"GCVZDRFVyWRfvV0SasZ/zXCBd7nl1opSSnbVt6ebFG8="},"lastRemoteEphemeralKey":"BcbqeuShLbCboksGZIpUP7iHTLvrQoNkX5tTk2ERfU8X","previousCounter":0,"rootKey":"nHfbcp8R/3tGLsnpIy1Jn7Y1QURnXlp+jR5STYMb5+k="},"indexInfo":{"baseKey":"BaJ/3M7yNin5YSvjwPFlLkX/Pq7ryyy2LjvmnPawCEwA","baseKeyType":1,"closed":-1,"used":1753549481858,"created":1753549481858,"remoteIdentityKey":"BfZW0GY0xB9dXrB5udCKnb6qhjcJe8QCCWrv93ptccUr"},"_chains":{"BU0GkBoP/WFllYPFCZ7RiQa9eUWS6x9LtgQp/3TGo5Mv":{"chainKey":{"counter":0,"key":"GHHBOJCiStjc1rmmrG+EfXWq5rzn93gthBC9Hjk91u8="},"chainType":1,"messageKeys":{}}},"pendingPreKey":{"signedKeyId":1,"baseKey":"BaJ/3M7yNin5YSvjwPFlLkX/Pq7ryyy2LjvmnPawCEwA"}}},"version":"v1"}