{"_sessions":{"Bb/8pnzFY/+2bu5NY7H7j/fehlQ9dAGxsjnyrdkGBr4N":{"registrationId":1115734633,"currentRatchet":{"ephemeralKeyPair":{"pubKey":"BbG0v+kGTE73CBetGgoToK0r9XtNdTKB7WtMaxEnbJwq","privKey":"cF1UQOqM8TihyV+X+wbDPWXf2/ZLK5WsFhfZv+Pg5GY="},"lastRemoteEphemeralKey":"BZozMP2+MVp/ueehT9UKiaV1bdDnkr9wqOtb4dNm6tty","previousCounter":0,"rootKey":"da99/3yqiHt4xGQFrdLR9m5FAluFq9dAppXcZA4CLzE="},"indexInfo":{"baseKey":"Bb/8pnzFY/+2bu5NY7H7j/fehlQ9dAGxsjnyrdkGBr4N","baseKeyType":1,"closed":-1,"used":1753549481768,"created":1753549481768,"remoteIdentityKey":"BQScXVs9QusG+VBHmaPXlAuKKAUhDGVRFEtvQrL/QoET"},"_chains":{"BbG0v+kGTE73CBetGgoToK0r9XtNdTKB7WtMaxEnbJwq":{"chainKey":{"counter":0,"key":"azVjXFeKfqch4ssr5ZBlxzjSjDL+M/VihWCtIPG8/k0="},"chainType":1,"messageKeys":{}}},"pendingPreKey":{"signedKeyId":7,"baseKey":"Bb/8pnzFY/+2bu5NY7H7j/fehlQ9dAGxsjnyrdkGBr4N","preKeyId":5409817}}},"version":"v1"}