{"_sessions":{"BRLERJszyaBm31VOTA2VCEiANvjycDS2N7U7XYseRtVa":{"registrationId":2030570952,"currentRatchet":{"ephemeralKeyPair":{"pubKey":"BVLx8x/yf2dy0WTd5uV+ezyWfvsbI04+kfK/iiqiOnJk","privKey":"yAlsgFiP+3RCMA20234TXBmfauQFk/wjDlSg4ef9jWs="},"lastRemoteEphemeralKey":"Bdh3TEeWrLXMZOtzZ+zE+aZBVU8QMmzwD2pBndinc+t1","previousCounter":0,"rootKey":"/JWlYgJMnl8h/x8HoCmg2y4VSr55t34FM6PsKgGNZLU="},"indexInfo":{"baseKey":"BRLERJszyaBm31VOTA2VCEiANvjycDS2N7U7XYseRtVa","baseKeyType":1,"closed":-1,"used":1753549481905,"created":1753549481905,"remoteIdentityKey":"BWmB/5qnElP+9OBcWd1xeGPCVPD+GCltwOYvyDYqoFxW"},"_chains":{"BVLx8x/yf2dy0WTd5uV+ezyWfvsbI04+kfK/iiqiOnJk":{"chainKey":{"counter":0,"key":"IkTgfuHrhdfs+tm7PG6lvAGbv9PznZ+EF8lWhvhK4II="},"chainType":1,"messageKeys":{}}},"pendingPreKey":{"signedKeyId":0,"baseKey":"BRLERJszyaBm31VOTA2VCEiANvjycDS2N7U7XYseRtVa"}}},"version":"v1"}