{"_sessions":{"BZPOox3Km3QcqbhovhxlFk5bHDOXNr+bqzmp1uy/1UFs":{"registrationId":2039599905,"currentRatchet":{"ephemeralKeyPair":{"pubKey":"BfOWbAao9zN4ngX/lYUVWCrUUVeKJR9QvrDeKsgL+EV6","privKey":"KDQiVQP1E5wbXVSoKvCT3iSiL2/HGu9A6wjkO+mltF8="},"lastRemoteEphemeralKey":"BUrkvXGmUIXDnz7vUFzgBz7XzZVN93AML0hMjjhpfPUp","previousCounter":0,"rootKey":"jH2TA3H5ZRsxVJD0DtEIp1NdCvk7dRpdGJPkxWtadu8="},"indexInfo":{"baseKey":"BZPOox3Km3QcqbhovhxlFk5bHDOXNr+bqzmp1uy/1UFs","baseKeyType":1,"closed":-1,"used":1753549481949,"created":1753549481949,"remoteIdentityKey":"BRMU11kGPUp2syqeoIksrM9/MRymSMWNv2RDqF+60cZk"},"_chains":{"BfOWbAao9zN4ngX/lYUVWCrUUVeKJR9QvrDeKsgL+EV6":{"chainKey":{"counter":0,"key":"eeGO8MQ3cFMQmWABNXuDtrHajOVWEo2+rkq1wcPR780="},"chainType":1,"messageKeys":{}}},"pendingPreKey":{"signedKeyId":11,"baseKey":"BZPOox3Km3QcqbhovhxlFk5bHDOXNr+bqzmp1uy/1UFs","preKeyId":7299831}}},"version":"v1"}