{"_sessions":{"BYVVx/+2mI8ggUIw7VDugAKKlqe9t/3zwEOrOSmbLgFd":{"registrationId":1434227389,"currentRatchet":{"ephemeralKeyPair":{"pubKey":"BV7xAjX3rxIPMdCPVGnRkO1NrxxEJ/VjMNHjDNO0yEMR","privKey":"eJ8W/RauwCoT9WeLn6XKY10WjuzJOWs8L3upUfQ8DEI="},"lastRemoteEphemeralKey":"BThszaA2U9K/aYpagd5JU/HuML7SYlmgITafP/b4cRI9","previousCounter":0,"rootKey":"d556aqSNk/hUPe44Kl4AZf+FWscjOh1aWNPgqsBZg7w="},"indexInfo":{"baseKey":"BYVVx/+2mI8ggUIw7VDugAKKlqe9t/3zwEOrOSmbLgFd","baseKeyType":2,"closed":-1,"used":1753472046964,"created":1753472046964,"remoteIdentityKey":"BZddEyyDUkrB+NwC8I4r5zut6JjcO+wjEOXib4wQixgn"},"_chains":{"BThszaA2U9K/aYpagd5JU/HuML7SYlmgITafP/b4cRI9":{"chainKey":{"counter":0,"key":"kklptwdzkDaNcnHgj2ZNDlyE4jGqUpvwVoKL6oKnLTM="},"chainType":2,"messageKeys":{}},"BV7xAjX3rxIPMdCPVGnRkO1NrxxEJ/VjMNHjDNO0yEMR":{"chainKey":{"counter":-1,"key":"owQgd00yXu4AI8G8eu77wgrWOj5vDyHmyeSit+RykoM="},"chainType":1,"messageKeys":{}}}}},"version":"v1"}