{"_sessions":{"Bc98N5xehfeOUt9NkqDk/EO0CYM4ROJIfYQunuBl5y4W":{"registrationId":604987143,"currentRatchet":{"ephemeralKeyPair":{"pubKey":"BWi7jV9clLeFFN3I1vFlWo7E1LlTkHH9+sSxzFF7JHRv","privKey":"gIGOx6ZIyB3SjrW3yqO6lYskY7BjUlYURA8olV7MZ2o="},"lastRemoteEphemeralKey":"BWlOl4PnHQOPhh9ulO6IE4OYxH0ON7ca6fbv+lJSPkVD","previousCounter":0,"rootKey":"CqvXXvtAF8jcmQYXMQvNySShqPe69UrQdBP0Y/Y+tTY="},"indexInfo":{"baseKey":"Bc98N5xehfeOUt9NkqDk/EO0CYM4ROJIfYQunuBl5y4W","baseKeyType":1,"closed":-1,"used":1753549481743,"created":1753549481743,"remoteIdentityKey":"Bb3l7aHFm9ia77lRDjSGY03TU/uXBFES8KI1VMjC8Uk+"},"_chains":{"BWi7jV9clLeFFN3I1vFlWo7E1LlTkHH9+sSxzFF7JHRv":{"chainKey":{"counter":0,"key":"QYeco9xCNGmuDjZAH/nCsaK0W3K/r4bsflFEZ4OB1fQ="},"chainType":1,"messageKeys":{}}},"pendingPreKey":{"signedKeyId":0,"baseKey":"Bc98N5xehfeOUt9NkqDk/EO0CYM4ROJIfYQunuBl5y4W","preKeyId":10240698}}},"version":"v1"}