{"_sessions":{"BfpaGqlvCh2mkigrDJXwNw7hOx8iGCkMiIragXjSJjlT":{"registrationId":121822460,"currentRatchet":{"ephemeralKeyPair":{"pubKey":"BQronmahhTS2zvt8wi9D7C8TFlwlEwE6a5Cc+Cd3NVcF","privKey":"sEtusqm8bimzmOg1jy32gagGs7Dlc5YNtlplaM+e2ms="},"lastRemoteEphemeralKey":"BebyxV6KU/pjjCtM9ztR0VVFBRZhaHSym0hL20uc1xtC","previousCounter":0,"rootKey":"QZyB69rw7IWphPNOBNoyeyzPGwGNDu+cQyZn8uCT8wg="},"indexInfo":{"baseKey":"BfpaGqlvCh2mkigrDJXwNw7hOx8iGCkMiIragXjSJjlT","baseKeyType":1,"closed":-1,"used":1753549481991,"created":1753549481991,"remoteIdentityKey":"BTavyBgXsTnM/+sCwpTXifoBYnONtUxwAS1a77D91zRQ"},"_chains":{"BQronmahhTS2zvt8wi9D7C8TFlwlEwE6a5Cc+Cd3NVcF":{"chainKey":{"counter":0,"key":"o/++Sx2tq+Dq0gw+2L2zRfISJTV7/G4eTZFpWJv1Zc0="},"chainType":1,"messageKeys":{}}},"pendingPreKey":{"signedKeyId":12157768,"baseKey":"BfpaGqlvCh2mkigrDJXwNw7hOx8iGCkMiIragXjSJjlT","preKeyId":16835}}},"version":"v1"}