{"_sessions":{"Beyd7TVqIA7GQcaw1fC9X+7EkMO8y3BUNl6L1ZAQIctp":{"registrationId":15689,"currentRatchet":{"ephemeralKeyPair":{"pubKey":"BQUVArGc08KzeIF1WNk5hCllau7zkXiPVbFY8lOSgG0W","privKey":"GD8zsLFzA4RwadCQ0BbC96AS6bWfpEKRN96V1F6RxWM="},"lastRemoteEphemeralKey":"BfunOXGVtXg6c4kjm24rl9Hmc0Nv6e6n9zAiAKe6jSxF","previousCounter":0,"rootKey":"7WnFaavIBex+HrnjNBj7JgyutrqFw5zta7aopqYrMn4="},"indexInfo":{"baseKey":"Beyd7TVqIA7GQcaw1fC9X+7EkMO8y3BUNl6L1ZAQIctp","baseKeyType":1,"closed":-1,"used":1753549482475,"created":1753549482475,"remoteIdentityKey":"BQUPuIqBvQtT41q/QHX6qMqdwe7YZEymwQ0iz7ByMP0G"},"_chains":{"BQUVArGc08KzeIF1WNk5hCllau7zkXiPVbFY8lOSgG0W":{"chainKey":{"counter":0,"key":"wgfbY6UCaAbRAW/2X8F1RnV6iI+BgRt2mgo9eLPgiZE="},"chainType":1,"messageKeys":{}}},"pendingPreKey":{"signedKeyId":1,"baseKey":"Beyd7TVqIA7GQcaw1fC9X+7EkMO8y3BUNl6L1ZAQIctp"}}},"version":"v1"}