{"_sessions":{"BZcajRyzNCVY9MtigMd+fjG1fGCS/4gin01C8R+HZG49":{"registrationId":7244,"currentRatchet":{"ephemeralKeyPair":{"pubKey":"BTSNzpBU0m23kz//ry8xuI1zZVuiMfTlgvQ5WeKrJFRQ","privKey":"0C5WurdSjhTVTxEQfi5biafPuhW4uIc0u13KuLhxvU4="},"lastRemoteEphemeralKey":"BZCRsGYikMNVOIuBhm5CvUw2mZfBdeqkd2c3wIjyvpQw","previousCounter":0,"rootKey":"2FNhToKUbDhdrkWpeEo35O+oBFMcTOYbAmgudKE5aac="},"indexInfo":{"baseKey":"BZcajRyzNCVY9MtigMd+fjG1fGCS/4gin01C8R+HZG49","baseKeyType":1,"closed":-1,"used":1753549482477,"created":1753549482477,"remoteIdentityKey":"BXxqgyduPEVPX2epNuWdf5D8kQ1hi0BErBhh79wkfWF4"},"_chains":{"BTSNzpBU0m23kz//ry8xuI1zZVuiMfTlgvQ5WeKrJFRQ":{"chainKey":{"counter":0,"key":"Yvb3RTqg0lCj9HdTgOUnBitwfSxXs2V2T8qMLQxdqNI="},"chainType":1,"messageKeys":{}}},"pendingPreKey":{"signedKeyId":1,"baseKey":"BZcajRyzNCVY9MtigMd+fjG1fGCS/4gin01C8R+HZG49"}}},"version":"v1"}