{"_sessions":{"BUxGPnUXnmII7xu0AMURTqP94PbThcpoomDNDdl4v5pI":{"registrationId":10980,"currentRatchet":{"ephemeralKeyPair":{"pubKey":"BYOiAiv6ygSQFI0Q/veoKExBs3fddn1D9oKR48ino5Jr","privKey":"qIvTB3Hesm9u+ZTeP54uDhbnFhgZBZXafd+ItJMKaHo="},"lastRemoteEphemeralKey":"Bad47FCMRFvqP/KgDiQHCbxKOfCVBSFja1t7ZyS2KVAY","previousCounter":0,"rootKey":"hjg0U4y6u8+TOYSWt+OODXa1rWwzfHb/6P8h4aXBilo="},"indexInfo":{"baseKey":"BUxGPnUXnmII7xu0AMURTqP94PbThcpoomDNDdl4v5pI","baseKeyType":1,"closed":-1,"used":1753549482501,"created":1753549482501,"remoteIdentityKey":"BXpJNkIBwVx86pCQj/p/GqrEUd3yQ85ZHd5zglLCji9F"},"_chains":{"BYOiAiv6ygSQFI0Q/veoKExBs3fddn1D9oKR48ino5Jr":{"chainKey":{"counter":0,"key":"NcNIXNKVq+WPFU9V27bcJxLKZ5A61GXEE7lenVvN0iY="},"chainType":1,"messageKeys":{}}},"pendingPreKey":{"signedKeyId":1,"baseKey":"BUxGPnUXnmII7xu0AMURTqP94PbThcpoomDNDdl4v5pI"}}},"version":"v1"}