{"_sessions":{"BZVMSiZEqYzVLrABQxQ6xLNLO4KJzaqdk9Zx2ueL7LlM":{"registrationId":1082538274,"currentRatchet":{"ephemeralKeyPair":{"pubKey":"BcXAhgeFE8MejnbfolYZ6MWAKu99sBbgiMTPOSh8JdIV","privKey":"ODapCuNsD73l7y10AFnQVQLxT03sKqrmh9n+gNZ9FlY="},"lastRemoteEphemeralKey":"BTINcYZiTuzmyGEApRjoCxxUjHZxZp5Y1ocg4Lx/SFFq","previousCounter":0,"rootKey":"9xnd7mGwaLZD+wek0Q/wEMGFi3cbc3jsic7OeKUPYF4="},"indexInfo":{"baseKey":"BZVMSiZEqYzVLrABQxQ6xLNLO4KJzaqdk9Zx2ueL7LlM","baseKeyType":1,"closed":-1,"used":1753549482473,"created":1753549482473,"remoteIdentityKey":"Be3+qUqclydjRHJ1r+rmck2vfWlYVUKTJ6K2UrEaictG"},"_chains":{"BcXAhgeFE8MejnbfolYZ6MWAKu99sBbgiMTPOSh8JdIV":{"chainKey":{"counter":0,"key":"g7bySmFYM2WRcyx3O6tpda7zrxeMY26f8N0lkVzBxmw="},"chainType":1,"messageKeys":{}}},"pendingPreKey":{"signedKeyId":2,"baseKey":"BZVMSiZEqYzVLrABQxQ6xLNLO4KJzaqdk9Zx2ueL7LlM","preKeyId":2800}}},"version":"v1"}