{"_sessions":{"BZvKaIFwzVb38yTVq4V5Hm3LuWiCZn9WGD20dLByIe5M":{"registrationId":119799715,"currentRatchet":{"ephemeralKeyPair":{"pubKey":"BbOro9TYEHvyyhG1Kq1QXKHRO2keeQPbH7BjU7XoFcBg","privKey":"SP4tmS7v9B4GttF6/qHMb7fHF1DIJCBctljC3WqKIXg="},"lastRemoteEphemeralKey":"BQ4G2Qx/MCKRYXLD2WmX24D/IfU8klfxcT1yLsaPZnVx","previousCounter":0,"rootKey":"Nv/DxhXLPC7uVpHQuxZVS3YP3x+s27jynlrBxEZwlkE="},"indexInfo":{"baseKey":"BZvKaIFwzVb38yTVq4V5Hm3LuWiCZn9WGD20dLByIe5M","baseKeyType":1,"closed":-1,"used":1753549481834,"created":1753549481834,"remoteIdentityKey":"BWlHS2uCA6rjdNEI+VjOv2hbzStdohpGko3pVrNE4ORx"},"_chains":{"BbOro9TYEHvyyhG1Kq1QXKHRO2keeQPbH7BjU7XoFcBg":{"chainKey":{"counter":0,"key":"RyHeboDmeG9oBHAliGqQR8YLsVnaP4G06NnObXlVTaA="},"chainType":1,"messageKeys":{}}},"pendingPreKey":{"signedKeyId":5,"baseKey":"BZvKaIFwzVb38yTVq4V5Hm3LuWiCZn9WGD20dLByIe5M","preKeyId":7177593}}},"version":"v1"}