{"_sessions":{"BX2lq6qtyxwp/9JqiigKl1+omTEHc0qVV32ksOIUqkQg":{"registrationId":1349921699,"currentRatchet":{"ephemeralKeyPair":{"pubKey":"BeDLPMV7MNWfyChmmUTvj0oXKyhmvEWHIgOf4+y63lV+","privKey":"ECbu6JCl80l3mcCKn0ouw50r005wzhxrdVcCHsdMZHE="},"lastRemoteEphemeralKey":"BZCctsJCbk12rJXvUgkz6N359Xdlj58BFa7/3DH3qFUH","previousCounter":0,"rootKey":"TeVg5StNlIXsdWxhp/T1/pd17lxG/BFTEjwvUhZoaKs="},"indexInfo":{"baseKey":"BX2lq6qtyxwp/9JqiigKl1+omTEHc0qVV32ksOIUqkQg","baseKeyType":1,"closed":-1,"used":1753549481977,"created":1753549481977,"remoteIdentityKey":"BbjwPu4FKseC4zVhpT2AHi1JyFGVTmqdSgkHusXlytgc"},"_chains":{"BeDLPMV7MNWfyChmmUTvj0oXKyhmvEWHIgOf4+y63lV+":{"chainKey":{"counter":0,"key":"A2M3/ke/sgMvVdniLjQ2byQ3XSt4egvvudJaUuqmUFo="},"chainType":1,"messageKeys":{}}},"pendingPreKey":{"signedKeyId":4,"baseKey":"BX2lq6qtyxwp/9JqiigKl1+omTEHc0qVV32ksOIUqkQg"}}},"version":"v1"}