{"_sessions":{"Bd/HYghf42sYV3Iuc+J3Tv8STjQhHHV06yAtIeLsFjJ8":{"registrationId":1330896643,"currentRatchet":{"ephemeralKeyPair":{"pubKey":"BV6xE5bsj5veewEvFl/GpjHfJAKpBXdelbIMW1n3ApQo","privKey":"QLpmWXECJgK+m4nrzgrd73nZ6+7zEVMBXsD0ayVOy18="},"lastRemoteEphemeralKey":"BYXnTOkGVKm392suA0MZX6f5dVyCjS+c9MxGiD8/6DA9","previousCounter":0,"rootKey":"RwfE0OEGk2Tb/8wjb+uBrCrgrfbI1jKkPKSD9xnAgto="},"indexInfo":{"baseKey":"Bd/HYghf42sYV3Iuc+J3Tv8STjQhHHV06yAtIeLsFjJ8","baseKeyType":1,"closed":-1,"used":1753549481792,"created":1753549481792,"remoteIdentityKey":"BWo1DPWD9yW1nMV1Z931FakbuVJSxgisYvb8x5Kqjy5p"},"_chains":{"BV6xE5bsj5veewEvFl/GpjHfJAKpBXdelbIMW1n3ApQo":{"chainKey":{"counter":0,"key":"SCI0dBeG0Bj93u9Nv5lISoAFAPZnE8jVE89apinGGz8="},"chainType":1,"messageKeys":{}}},"pendingPreKey":{"signedKeyId":5,"baseKey":"Bd/HYghf42sYV3Iuc+J3Tv8STjQhHHV06yAtIeLsFjJ8","preKeyId":2083380}}},"version":"v1"}