{"_sessions":{"BVjQYZEERh068vwPSeATeMAAgwBbRDtD6/zjSk1GrGRK":{"registrationId":1752919415,"currentRatchet":{"ephemeralKeyPair":{"pubKey":"BT0ANXsU1crlrqqTAIKe8dWUqZWZtNlgPZCIJczAIIRW","privKey":"SPXVs5IS8z2p00jUDwfqeCS+4qjU+jz0fbzFjdf+5Hw="},"lastRemoteEphemeralKey":"BX8/rEWvpVYAmg6IpGmsEMh9qNMfsPd/FVHhiQlJkXRL","previousCounter":0,"rootKey":"VruUlS30Q/bZwfRJI4vhFQ0ILSCP1eyaMICYmLIn6Og="},"indexInfo":{"baseKey":"BVjQYZEERh068vwPSeATeMAAgwBbRDtD6/zjSk1GrGRK","baseKeyType":2,"closed":-1,"used":1753456643335,"created":1753456643335,"remoteIdentityKey":"BZF4lRX8KpNjhtkqwAq7YS/gjLZ+62ALjOVs1WGuw1dd"},"_chains":{"BX8/rEWvpVYAmg6IpGmsEMh9qNMfsPd/FVHhiQlJkXRL":{"chainKey":{"counter":2,"key":"QqN8Kmgc0NvHjejcQHaZTnUPdn0ubOF1Y7H4GxDaouQ="},"chainType":2,"messageKeys":{}},"BT0ANXsU1crlrqqTAIKe8dWUqZWZtNlgPZCIJczAIIRW":{"chainKey":{"counter":-1,"key":"mJJGrH1AZwN3ldMxIMov7viucn6WfoRoAR4ZylcOeII="},"chainType":1,"messageKeys":{}}}}},"version":"v1"}