{"_sessions":{"BUbtA0JtzLG3ULqEp7IrrEq2UV1Ug8x06t9UWgh1MjUv":{"registrationId":553128607,"currentRatchet":{"ephemeralKeyPair":{"pubKey":"BWDd5hZoiifwxvSnoqXl23EAYJnmGiRUYOmDLqDhSmY2","privKey":"MPQzvnjZlXH+rMxkHGhliwssBAwU6pV85C/KUDYXI3w="},"lastRemoteEphemeralKey":"BZUhCJNe1OqTMf7xzyVkVMPyu5yI73hCzYGCchTVy9hT","previousCounter":0,"rootKey":"U595HwtaR+Ap961na/sfVTi9B8R2o9Q9VlgbFvXB/nM="},"indexInfo":{"baseKey":"BUbtA0JtzLG3ULqEp7IrrEq2UV1Ug8x06t9UWgh1MjUv","baseKeyType":1,"closed":-1,"used":1753549481826,"created":1753549481826,"remoteIdentityKey":"BZiHwBNNC+pizVTi/YLsWVOBBnD6oIlXe27gFonPsEYL"},"_chains":{"BWDd5hZoiifwxvSnoqXl23EAYJnmGiRUYOmDLqDhSmY2":{"chainKey":{"counter":0,"key":"N6XNNB8KA6mueb+YxRWQqRL26PNbKKotUfpD25op6Q0="},"chainType":1,"messageKeys":{}}},"pendingPreKey":{"signedKeyId":8,"baseKey":"BUbtA0JtzLG3ULqEp7IrrEq2UV1Ug8x06t9UWgh1MjUv","preKeyId":4484874}}},"version":"v1"}