{"_sessions":{"BY1Ogmzat0oohJ6iY+06hixvQG2cW7hcTix748pHHPge":{"registrationId":1618028087,"currentRatchet":{"ephemeralKeyPair":{"pubKey":"BYj/AQKfREjkPPoT/jfAiGojhpY7gh+iESR1lII7GXhq","privKey":"UP1BERjZeyThdY4pNzYbVfmy/3buw0HRujomIkDehE4="},"lastRemoteEphemeralKey":"BWJShsp5mAH0kB2bAVuZ8vqe7CBxU4e8xqH81m8yAOxr","previousCounter":0,"rootKey":"gsSAGL6XxquiSP0mk0kwfSI08pkbvWmmz5wF21g5MSE="},"indexInfo":{"baseKey":"BY1Ogmzat0oohJ6iY+06hixvQG2cW7hcTix748pHHPge","baseKeyType":1,"closed":-1,"used":1753549481967,"created":1753549481967,"remoteIdentityKey":"BdUcXVKay340CwifOYKwyPuDZjXvJmlht0sRnoOjmOl1"},"_chains":{"BYj/AQKfREjkPPoT/jfAiGojhpY7gh+iESR1lII7GXhq":{"chainKey":{"counter":0,"key":"rUsMndtzvy9y0d6G81QhN4SAM0N6J4G7+IjKK5vuAbM="},"chainType":1,"messageKeys":{}}},"pendingPreKey":{"signedKeyId":2,"baseKey":"BY1Ogmzat0oohJ6iY+06hixvQG2cW7hcTix748pHHPge","preKeyId":11872091}}},"version":"v1"}