{"_sessions":{"BUykVYYI8/YFyxUWwEw2Gs09huU6GaZ6fDV7Ohc0r/Ud":{"registrationId":1391617232,"currentRatchet":{"ephemeralKeyPair":{"pubKey":"BTwLoa7CIbOy7044LVy8nImq+PuM2VXTYCdCherX3VZ9","privKey":"GMclC0lGVFcQOHUf/l1yIonAo+z3DTqqnksPsbcSjl8="},"lastRemoteEphemeralKey":"BbG7sr/bX+X5L4XDuuE7UvOAZozYnB8PYiW9n5h5cjYP","previousCounter":0,"rootKey":"1s0WGFsASfIhKxq5z+6tbI7TqGHL8ts6iAeInaEX1wc="},"indexInfo":{"baseKey":"BUykVYYI8/YFyxUWwEw2Gs09huU6GaZ6fDV7Ohc0r/Ud","baseKeyType":1,"closed":-1,"used":1753549481751,"created":1753549481751,"remoteIdentityKey":"BarRIwxnmQvOyCpYbxiScq21e1NqTo9RGrgiRFkUm2BB"},"_chains":{"BTwLoa7CIbOy7044LVy8nImq+PuM2VXTYCdCherX3VZ9":{"chainKey":{"counter":0,"key":"/9P7Nypl6d20rPCJhCrGhz183DM+0UlBrkUafHhD8Wg="},"chainType":1,"messageKeys":{}}},"pendingPreKey":{"signedKeyId":14469898,"baseKey":"BUykVYYI8/YFyxUWwEw2Gs09huU6GaZ6fDV7Ohc0r/Ud","preKeyId":903}}},"version":"v1"}