{"_sessions":{"BRqrWA60mUbQ6KreBNqkfHABQzwmFdIeJL4KOt+2L00v":{"registrationId":855072529,"currentRatchet":{"ephemeralKeyPair":{"pubKey":"BRawRiNT13qJk9SFYS1qFMsiypyvsoaODy0c4DExqnkC","privKey":"aBNED5moRQ+1fk2n0BPoiiNTYZX2xjkiWp9T7PVLOmE="},"lastRemoteEphemeralKey":"BcNuPvdpNp6RCSA2Vs1s3drpgLIEJNF9/pxfZFBteMIm","previousCounter":0,"rootKey":"S91kyfkYr65lJfZNPWacS1SQAMjBo0ZrK2xn5VlMoM0="},"indexInfo":{"baseKey":"BRqrWA60mUbQ6KreBNqkfHABQzwmFdIeJL4KOt+2L00v","baseKeyType":1,"closed":-1,"used":1753549481838,"created":1753549481838,"remoteIdentityKey":"BbcRnHsCbvMkQYHKWgnHwobq28QYE6rx4T2FZ+f21sUT"},"_chains":{"BRawRiNT13qJk9SFYS1qFMsiypyvsoaODy0c4DExqnkC":{"chainKey":{"counter":0,"key":"qCG9VNQ3aPoz/RtYAbfvkLrj74+UirektFcUV0jnQh8="},"chainType":1,"messageKeys":{}}},"pendingPreKey":{"signedKeyId":2,"baseKey":"BRqrWA60mUbQ6KreBNqkfHABQzwmFdIeJL4KOt+2L00v","preKeyId":4586414}}},"version":"v1"}