{"_sessions":{"Bbx+maoo+gJ1QeM329xk9rXgU3pWWraZLIYGOz+cl1lI":{"registrationId":395305913,"currentRatchet":{"ephemeralKeyPair":{"pubKey":"BXL1nZkJ8Ob/CJ4qPSExJVHetDmDRTakr8zPI965p9Rq","privKey":"MMw1jGohcn0QFvawTMCk3AgyG0Yt15UxZe/V22emcWo="},"lastRemoteEphemeralKey":"BRnOqMon3n7ZMF81GZQ05D3YNF0GsvraLHkJuVfRzCMB","previousCounter":0,"rootKey":"M/0sloPIa9v+oqb3eUMYtJyxQRFqMeNa/2nX76CGIUg="},"indexInfo":{"baseKey":"Bbx+maoo+gJ1QeM329xk9rXgU3pWWraZLIYGOz+cl1lI","baseKeyType":2,"closed":-1,"used":1753455847087,"created":1753455847087,"remoteIdentityKey":"BXp0g46y8i7lH4MVkHsXQw7obRzjKQnje+UVorg8Klw9"},"_chains":{"BRnOqMon3n7ZMF81GZQ05D3YNF0GsvraLHkJuVfRzCMB":{"chainKey":{"counter":0,"key":"XHya/CvuDKWT0NIwuoBCyofNjsvlPiuh0N5JfhLeNkI="},"chainType":2,"messageKeys":{}},"BXL1nZkJ8Ob/CJ4qPSExJVHetDmDRTakr8zPI965p9Rq":{"chainKey":{"counter":-1,"key":"K1jgA9AE2PfwoTjih0nH3gtd0NXZozRf6jsC403PkBw="},"chainType":1,"messageKeys":{}}}}},"version":"v1"}