{"_sessions":{"BbcOjEcY9YE0/rM5VO3iomN+tfzZ3rlebxBA4zvKKqob":{"registrationId":1873926868,"currentRatchet":{"ephemeralKeyPair":{"pubKey":"BdO8AkJc/hN/h/eYjD1Y9qUBBsUEKRaOvO2e+oH2DRUC","privKey":"8MJkfMTWnoiKy93ZpBxJoG5Mhmc/0XZ1OSrVfso+2WM="},"lastRemoteEphemeralKey":"BTCA4rWiFbLqD8Oc3MC83MyEQ1ZT2kx83rHkLrVDTEgF","previousCounter":0,"rootKey":"4ChANA8np9CLrzPWZjAM62TXazr10a1I87U8YMCIBrg="},"indexInfo":{"baseKey":"BbcOjEcY9YE0/rM5VO3iomN+tfzZ3rlebxBA4zvKKqob","baseKeyType":2,"closed":-1,"used":1753456645126,"created":1753456645126,"remoteIdentityKey":"BX3xPblrng7NSRxtf3bpb6pSavwAtxgYXNG2rH9+RFQW"},"_chains":{"BTCA4rWiFbLqD8Oc3MC83MyEQ1ZT2kx83rHkLrVDTEgF":{"chainKey":{"counter":5,"key":"xcTGqgFV8BRwD19KSVfrI7Faeb1+OUXoVOMOoMtKPTA="},"chainType":2,"messageKeys":{"1":"P9eqGbTnIxDKSKskGbUH4k36ZQeirchk/6vnVNZYEIc="}},"BdO8AkJc/hN/h/eYjD1Y9qUBBsUEKRaOvO2e+oH2DRUC":{"chainKey":{"counter":-1,"key":"0EO3ltfS2etw999G1AhNO9VXaUFk9M6BeoejqPLDIHc="},"chainType":1,"messageKeys":{}}}}},"version":"v1"}