{"noiseKey":{"private":{"type":"Buffer","data":"8JBTymNkaMX8S02gjQPte/MMMwUAT5W8IDIi1yXW8UY="},"public":{"type":"Buffer","data":"nTlZoHhZcvQCQB24phGlPSgCWy+DwUVCVEZV2H0v0Ec="}},"pairingEphemeralKeyPair":{"private":{"type":"Buffer","data":"4OzCcK0qv1/E4gMAbwg8VMYGAaIsqYPuqOp5eSiACn0="},"public":{"type":"Buffer","data":"2BmSPM8vh/7avf666tu9EMPtGu4LzbaXr8+RZl0q9jU="}},"signedIdentityKey":{"private":{"type":"Buffer","data":"ODfEA8/vAuKv/Y5HW/DsI+PYmfd1nogD/rNq9v7L8XU="},"public":{"type":"Buffer","data":"dXm22bmIknJ2NmGGFK1HJJ8PkIJefFy1IzVyLbgylR0="}},"signedPreKey":{"keyPair":{"private":{"type":"Buffer","data":"+ODfC+OPqNLmB9g2HeTFxt6RO+1krr9t3f39/iUkxF0="},"public":{"type":"Buffer","data":"4ifSpRiZZE71f0jpe/kP5H2u3Jm6CZw1jqc7acD6QV0="}},"signature":{"type":"Buffer","data":"OB0CGZQkR3qJRBmqNHdbRiFAhDnU4vCbrw9OTSyUrni4n8xP0y5o2WKXxiQ+js/P+AoyViaOJdFEaunYaAi2Bw=="},"keyId":1},"registrationId":13,"advSecretKey":"QC/zIiRgRNpIPGkHyi39AprcUwSEN6bR6MzdOkAXZNo=","processedHistoryMessages":[],"nextPreKeyId":1,"firstUnuploadedPreKeyId":1,"accountSyncCounter":0,"accountSettings":{"unarchiveChats":false},"registered":false,"pairingCode":"WHOIZUMI","me":{"id":"262573496758272@s.whatsapp.net","name":"~"}}